Date,OptionSymbol,Low,High,MaxReturn%,Volume
2025-12-24,ABB25DEC5200CE,44.4,95.0,114.0,258125.0
2025-12-24,ABB25DEC5200PE,21.15,39.05,84.6,188500.0
2025-12-24,ABCAPITAL25DEC345CE,4.95,12.1,144.4,2033600.0
2025-12-24,ABCAPITAL25DEC345PE,1.2,3.35,179.2,4476400.0
2025-12-24,ADANIENSOL25DEC1000CE,5.15,14.7,185.4,762750.0
2025-12-24,ADANIENSOL25DEC1000PE,7.3,14.9,104.1,297000.0
2025-12-24,ADANIENT25DEC2220CE,27.05,53.7,98.5,270993.0
2025-12-24,ADANIENT25DEC2220PE,10.5,24.3,131.4,744999.0
2025-12-24,ADANIGREEN25DEC1020CE,6.8,14.25,109.6,1440600.0
2025-12-24,ADANIGREEN25DEC1020PE,8.5,15.4,81.2,558600.0
2025-12-24,ADANIPORTS25DEC1500CE,8.55,16.95,98.2,3281775.0
2025-12-24,ADANIPORTS25DEC1500PE,8.4,18.85,124.4,1438775.0
2025-12-24,ALKEM25DEC5550CE,36.3,81.65,124.9,34500.0
2025-12-24,ALKEM25DEC5550PE,27.35,50.05,83.0,31625.0
2025-12-24,AMBER25DEC6700CE,52.0,122.0,134.6,117600.0
2025-12-24,AMBER25DEC6700PE,57.65,106.1,84.0,66100.0
2025-12-24,AMBUJACEM25DEC550CE,4.75,7.5,57.9,3728550.0
2025-12-24,AMBUJACEM25DEC550PE,3.7,7.5,102.7,1827000.0
2025-12-24,ANGELONE25DEC2500CE,50.35,87.5,73.8,121750.0
2025-12-24,ANGELONE25DEC2500PE,8.15,23.35,186.5,438000.0
2025-12-24,APLAPOLLO25DEC1860CE,10.85,25.3,133.2,72100.0
2025-12-24,APLAPOLLO25DEC1860PE,8.8,16.65,89.2,151900.0
2025-12-24,APOLLOHOSP25DEC7200CE,10.8,61.05,465.3,2247750.0
2025-12-24,APOLLOHOSP25DEC7200PE,57.7,113.1,96.0,250250.0
2025-12-24,ASHOKLEY25DEC175CE,1.27,3.42,169.3,10515000.0
2025-12-24,ASHOKLEY25DEC175PE,0.9,1.8,100.0,15115000.0
2025-12-24,ASIANPAINT25DEC2780CE,20.6,47.35,129.9,420000.0
2025-12-24,ASIANPAINT25DEC2780PE,6.55,17.2,162.6,882000.0
2025-12-24,ASTRAL25DEC1400CE,10.55,33.15,214.2,336175.0
2025-12-24,ASTRAL25DEC1400PE,6.3,17.5,177.8,310675.0
2025-12-24,AUBANK25DEC970CE,11.15,19.5,74.9,192000.0
2025-12-24,AUBANK25DEC970PE,3.4,6.0,76.5,688000.0
2025-12-24,AUROPHARMA25DEC1220CE,6.7,17.0,153.7,666600.0
2025-12-24,AUROPHARMA25DEC1220PE,10.35,17.4,68.1,304150.0
2025-12-24,AXISBANK25DEC1230CE,5.65,12.0,112.4,4801875.0
2025-12-24,AXISBANK25DEC1230PE,5.7,11.45,100.9,2994375.0
2025-12-24,BAJAJFINSV25DEC2040CE,8.75,29.65,238.9,1139750.0
2025-12-24,BAJAJFINSV25DEC2040PE,7.15,24.75,246.2,802250.0
2025-12-24,BAJFINANCE25DEC1010CE,7.45,29.15,291.3,3336000.0
2025-12-24,BAJFINANCE25DEC1010PE,2.05,12.75,522.0,7526250.0
2025-12-24,BANDHANBNK25DEC147.5CE,1.11,3.46,211.7,2754000.0
2025-12-24,BANDHANBNK25DEC147.5PE,1.0,2.5,150.0,1792800.0
2025-12-24,BANKBARODA25DEC290CE,2.65,5.0,88.7,4270500.0
2025-12-24,BANKBARODA25DEC290PE,1.25,2.35,88.0,4770675.0
2025-12-24,BANKINDIA25DEC139CE,1.73,2.66,53.8,78000.0
2025-12-24,BANKINDIA25DEC139PE,0.6,1.14,90.0,702000.0
2025-12-24,BDL25DEC1480CE,5.0,34.25,585.0,5919550.0
2025-12-24,BDL25DEC1480PE,13.2,42.35,220.8,2499575.0
2025-12-24,BEL25DEC400CE,3.15,6.15,95.2,12193725.0
2025-12-24,BEL25DEC400PE,2.1,5.2,147.6,9433500.0
2025-12-24,BHARATFORG25DEC1460CE,7.8,22.0,182.1,1135000.0
2025-12-24,BHARATFORG25DEC1460PE,10.55,19.95,89.1,446000.0
2025-12-24,BHARTIARTL25DEC2120CE,13.15,23.0,74.9,2534600.0
2025-12-24,BHARTIARTL25DEC2120PE,6.3,15.5,146.0,2580675.0
2025-12-24,BHEL25DEC277.5CE,3.45,8.75,153.6,947625.0
2025-12-24,BHEL25DEC277.5PE,0.8,2.4,200.0,1519875.0
2025-12-24,BIOCON25DEC400CE,2.6,7.9,203.8,7965000.0
2025-12-24,BIOCON25DEC400PE,1.85,4.9,164.9,5705000.0
2025-12-24,BLUESTARCO25DEC1780CE,11.55,28.0,142.4,387400.0
2025-12-24,BLUESTARCO25DEC1780PE,13.2,29.1,120.5,52975.0
2025-12-24,BOSCHLTD25DEC36000CE,262.55,520.8,98.4,21825.0
2025-12-24,BOSCHLTD25DEC36000PE,116.45,249.65,114.4,23500.0
2025-12-24,BPCL25DEC365CE,3.55,8.15,129.6,886775.0
2025-12-24,BPCL25DEC365PE,1.65,3.5,112.1,2581325.0
2025-12-24,BRITANNIA25DEC6000CE,43.0,90.0,109.3,57125.0
2025-12-24,BRITANNIA25DEC6000PE,23.25,42.05,80.9,143250.0
2025-12-24,BSE25DEC2650CE,44.7,115.0,157.3,761625.0
2025-12-24,BSE25DEC2650PE,11.4,31.95,180.3,3208875.0
2025-12-24,CAMS25DEC760CE,5.6,18.25,225.9,470250.0
2025-12-24,CAMS25DEC760PE,3.1,9.35,201.6,436500.0
2025-12-24,CANBK25DEC150CE,1.05,2.12,101.9,27675000.0
2025-12-24,CANBK25DEC150PE,1.08,1.85,71.3,18947250.0
2025-12-24,CDSL25DEC1500CE,12.0,28.8,140.0,606100.0
2025-12-24,CDSL25DEC1500PE,7.55,17.0,125.2,704425.0
2025-12-24,CGPOWER25DEC660CE,6.1,12.85,110.7,1231650.0
2025-12-24,CGPOWER25DEC660PE,4.05,8.1,100.0,739500.0
2025-12-24,CHOLAFIN25DEC1700CE,13.2,24.75,87.5,6965000.0
2025-12-24,CHOLAFIN25DEC1700PE,11.6,37.75,225.4,4718750.0
2025-12-24,CIPLA25DEC1500CE,5.85,15.45,164.1,1523625.0
2025-12-24,CIPLA25DEC1500PE,8.25,17.0,106.1,555000.0
2025-12-24,COALINDIA25DEC402.5CE,3.85,12.3,219.5,2980800.0
2025-12-24,COALINDIA25DEC402.5PE,1.6,3.7,131.2,5070600.0
2025-12-24,COFORGE25DEC1740CE,29.0,48.2,66.2,1576875.0
2025-12-24,COFORGE25DEC1740PE,14.8,38.15,157.8,3988500.0
2025-12-24,COLPAL25DEC2100CE,12.7,25.0,96.9,307575.0
2025-12-24,COLPAL25DEC2100PE,10.0,19.8,98.0,167400.0
2025-12-24,CONCOR25DEC510CE,2.8,7.65,173.2,1170000.0
2025-12-24,CONCOR25DEC510PE,3.1,6.3,103.2,426250.0
2025-12-24,CROMPTON25DEC260CE,1.3,3.3,153.8,3106800.0
2025-12-24,CROMPTON25DEC260PE,2.45,4.5,83.7,714600.0
2025-12-24,CUMMINSIND25DEC4400CE,38.0,141.8,273.2,59600.0
2025-12-24,CUMMINSIND25DEC4400PE,7.4,39.8,437.8,357200.0
2025-12-24,CYIENT25DEC1120CE,11.0,27.1,146.4,249050.0
2025-12-24,CYIENT25DEC1120PE,6.65,14.65,120.3,306850.0
2025-12-24,DABUR25DEC490CE,3.6,7.6,111.1,525000.0
2025-12-24,DABUR25DEC490PE,1.65,3.45,109.1,1586250.0
2025-12-24,DALBHARAT25DEC2120CE,4.0,21.75,443.8,1861925.0
2025-12-24,DALBHARAT25DEC2120PE,19.55,29.8,52.4,80925.0
2025-12-24,DELHIVERY25DEC405CE,4.6,12.1,163.0,423300.0
2025-12-24,DELHIVERY25DEC405PE,1.2,4.35,262.5,1035425.0
2025-12-24,DIVISLAB25DEC6500CE,52.65,109.5,108.0,437900.0
2025-12-24,DIVISLAB25DEC6500PE,30.3,69.95,130.9,367400.0
2025-12-24,DIXON25DEC12750CE,178.0,574.9,223.0,464500.0
2025-12-24,DIXON25DEC12750PE,97.75,326.9,234.4,1426350.0
2025-12-24,DLF25DEC690CE,8.4,15.95,89.9,1246575.0
2025-12-24,DLF25DEC690PE,2.7,5.05,87.0,2300925.0
2025-12-24,DMART25DEC3800CE,23.7,63.7,168.8,469800.0
2025-12-24,DMART25DEC3800PE,15.2,39.2,157.9,279750.0
2025-12-24,DRREDDY25DEC1270CE,5.4,16.1,198.1,2262500.0
2025-12-24,DRREDDY25DEC1270PE,3.2,22.4,600.0,1196250.0
2025-12-24,EICHERMOT25DEC7300CE,35.0,88.0,151.4,816725.0
2025-12-24,EICHERMOT25DEC7300PE,37.05,93.0,151.0,542850.0
2025-12-24,ETERNAL25DEC285CE,2.65,4.0,50.9,13575150.0
2025-12-24,ETERNAL25DEC285PE,2.95,4.8,62.7,9321700.0
2025-12-24,EXIDEIND25DEC365CE,3.55,8.65,143.7,356400.0
2025-12-24,EXIDEIND25DEC365PE,1.05,2.45,133.3,862200.0
2025-12-24,FEDERALBNK25DEC262.5CE,1.8,5.2,188.9,2820000.0
2025-12-24,FEDERALBNK25DEC262.5PE,0.6,2.15,258.3,11600000.0
2025-12-24,FORTIS25DEC900CE,7.45,13.7,83.9,539400.0
2025-12-24,FORTIS25DEC900PE,4.4,8.3,88.6,540950.0
2025-12-24,GAIL25DEC170CE,1.95,4.32,121.5,2664900.0
2025-12-24,GAIL25DEC170PE,0.35,1.11,217.1,3792600.0
2025-12-24,GLENMARK25DEC2020CE,13.55,33.4,146.5,530250.0
2025-12-24,GLENMARK25DEC2020PE,14.05,23.6,68.0,880125.0
2025-12-24,GMRAIRPORT25DEC103CE,1.15,3.0,160.9,3996675.0
2025-12-24,GMRAIRPORT25DEC103PE,0.43,1.06,146.5,8767575.0
2025-12-24,GODREJCP25DEC1200CE,5.8,12.8,120.7,1650000.0
2025-12-24,GODREJCP25DEC1200PE,9.75,16.9,73.3,221500.0
2025-12-24,GODREJPROP25DEC2000CE,24.4,55.0,125.4,249975.0
2025-12-24,GODREJPROP25DEC2000PE,7.75,18.4,137.4,438075.0
2025-12-24,GRASIM25DEC2840CE,12.5,38.0,204.0,530000.0
2025-12-24,GRASIM25DEC2840PE,11.25,26.65,136.9,225500.0
2025-12-24,HAL25DEC4400CE,38.0,75.5,98.7,900600.0
2025-12-24,HAL25DEC4400PE,16.4,40.0,143.9,928200.0
2025-12-24,HAVELLS25DEC1420CE,11.3,24.85,119.9,289000.0
2025-12-24,HAVELLS25DEC1420PE,4.3,11.1,158.1,756000.0
2025-12-24,HCLTECH25DEC1680CE,6.7,13.15,96.3,2416750.0
2025-12-24,HCLTECH25DEC1680PE,13.5,22.0,63.0,471100.0
2025-12-24,HDFCAMC25DEC2660CE,18.45,71.95,290.0,181200.0
2025-12-24,HDFCAMC25DEC2660PE,5.95,32.6,447.9,398700.0
2025-12-24,HDFCBANK25DEC995CE,5.7,9.4,64.9,3482050.0
2025-12-24,HDFCBANK25DEC995PE,3.7,6.3,70.3,5925700.0
2025-12-24,HDFCLIFE25DEC760CE,3.4,9.9,191.2,1579600.0
2025-12-24,HDFCLIFE25DEC760PE,2.55,8.05,215.7,1309000.0
2025-12-24,HEROMOTOCO25DEC5700CE,37.1,88.0,137.2,523200.0
2025-12-24,HEROMOTOCO25DEC5700PE,27.8,51.5,85.3,1563900.0
2025-12-24,HFCL25DEC64CE,1.14,3.33,192.1,715950.0
2025-12-24,HFCL25DEC64PE,0.32,1.15,259.4,4205400.0
2025-12-24,HINDALCO25DEC860CE,9.15,23.5,156.8,3049900.0
2025-12-24,HINDALCO25DEC860PE,2.5,8.65,246.0,7450800.0
2025-12-24,HINDPETRO25DEC470CE,4.1,9.75,137.8,1777950.0
2025-12-24,HINDPETRO25DEC470PE,2.1,4.95,135.7,1767825.0
2025-12-24,HINDUNILVR25DEC2280CE,13.0,26.05,100.4,357900.0
2025-12-24,HINDUNILVR25DEC2280PE,6.95,11.7,68.3,545700.0
2025-12-24,HINDZINC25DEC625CE,6.0,14.0,133.3,20967100.0
2025-12-24,HINDZINC25DEC625PE,7.1,13.5,90.1,7201775.0
2025-12-24,HUDCO25DEC215CE,2.42,5.61,131.8,1670550.0
2025-12-24,HUDCO25DEC215PE,0.71,1.72,142.3,1742700.0
2025-12-24,ICICIBANK25DEC1360CE,6.7,12.0,79.1,5993400.0
2025-12-24,ICICIBANK25DEC1360PE,4.15,7.75,86.7,5297600.0
2025-12-24,ICICIGI25DEC1960CE,8.95,19.5,117.9,96850.0
2025-12-24,ICICIGI25DEC1960PE,12.7,20.85,64.2,37050.0
2025-12-24,ICICIPRULI25DEC650CE,4.7,8.8,87.2,353350.0
2025-12-24,ICICIPRULI25DEC650PE,3.55,5.3,49.3,268250.0
2025-12-24,IDEA25DEC12CE,0.24,0.44,83.3,387680400.0
2025-12-24,IDEA25DEC12PE,0.18,0.33,83.3,247232025.0
2025-12-24,IDFCFIRSTB25DEC84CE,0.72,1.56,116.7,3849125.0
2025-12-24,IDFCFIRSTB25DEC84PE,0.26,0.55,111.5,9404850.0
2025-12-24,IEX25DEC140CE,0.91,3.82,319.8,5756250.0
2025-12-24,IEX25DEC140PE,0.48,2.24,366.7,4117500.0
2025-12-24,IIFL25DEC600CE,1.75,10.9,522.9,24723600.0
2025-12-24,IIFL25DEC600PE,6.15,25.25,310.6,2768700.0
2025-12-24,INDHOTEL25DEC740CE,4.3,6.55,52.3,2156000.0
2025-12-24,INDHOTEL25DEC740PE,5.4,8.9,64.8,484000.0
2025-12-24,INDIANB25DEC770CE,10.6,14.9,40.6,88000.0
2025-12-24,INDIANB25DEC770PE,3.05,5.3,73.8,358000.0
2025-12-24,INDIGO25DEC5100CE,22.3,85.4,283.0,2052750.0
2025-12-24,INDIGO25DEC5100PE,19.25,62.55,224.9,2997150.0
2025-12-24,INDUSINDBK25DEC850CE,6.3,14.75,134.1,2728600.0
2025-12-24,INDUSINDBK25DEC850PE,5.5,12.85,133.6,1098300.0
2025-12-24,INDUSTOWER25DEC425CE,1.8,6.95,286.1,11619500.0
2025-12-24,INDUSTOWER25DEC425PE,3.4,11.15,227.9,3879400.0
2025-12-24,INFY25DEC1660CE,6.85,13.55,97.8,7978800.0
2025-12-24,INFY25DEC1660PE,9.65,18.5,91.7,5050000.0
2025-12-24,INOXWIND25DEC127.5CE,1.2,4.2,250.0,3484680.0
2025-12-24,INOXWIND25DEC127.5PE,0.5,1.98,296.0,2712488.0
2025-12-24,IOC25DEC161CE,1.31,2.65,102.3,1043250.0
2025-12-24,IOC25DEC161PE,0.62,1.15,85.5,5372250.0
2025-12-24,IRCTC25DEC680CE,5.15,9.25,79.6,1909250.0
2025-12-24,IRCTC25DEC680PE,2.95,5.2,76.3,982625.0
2025-12-24,IREDA25DEC137.5CE,1.45,3.0,106.9,917700.0
2025-12-24,IREDA25DEC137.5PE,0.83,1.6,92.8,1400700.0
2025-12-24,IRFC25DEC122CE,1.15,2.76,140.0,25874000.0
2025-12-24,IRFC25DEC122PE,1.0,2.34,134.0,5971250.0
2025-12-24,ITC25DEC407.5CE,1.1,3.55,222.7,6681600.0
2025-12-24,ITC25DEC407.5PE,1.75,3.1,77.1,7868800.0
2025-12-24,JINDALSTEL25DEC1000CE,8.1,17.1,111.1,506250.0
2025-12-24,JINDALSTEL25DEC1000PE,6.0,15.0,150.0,770625.0
2025-12-24,JIOFIN25DEC300CE,2.15,4.65,116.3,17533350.0
2025-12-24,JIOFIN25DEC300PE,1.5,3.8,153.3,8944100.0
2025-12-24,JSWENERGY25DEC480CE,5.9,10.9,84.7,1888000.0
2025-12-24,JSWENERGY25DEC480PE,2.5,5.25,110.0,1481000.0
2025-12-24,JSWSTEEL25DEC1090CE,8.2,17.25,110.4,470475.0
2025-12-24,JSWSTEEL25DEC1090PE,5.25,9.0,71.4,591300.0
2025-12-24,JUBLFOOD25DEC560CE,5.6,9.15,63.4,893750.0
2025-12-24,JUBLFOOD25DEC560PE,2.8,5.3,89.3,1568750.0
2025-12-24,KALYANKJIL25DEC490CE,2.6,6.4,146.2,1367700.0
2025-12-24,KALYANKJIL25DEC490PE,4.0,7.7,92.5,442975.0
2025-12-24,KAYNES25DEC4100CE,79.25,155.3,96.0,229200.0
2025-12-24,KAYNES25DEC4100PE,46.3,81.05,75.1,625500.0
2025-12-24,KEI25DEC4400CE,51.75,77.05,48.9,100100.0
2025-12-24,KEI25DEC4400PE,27.75,50.4,81.6,130375.0
2025-12-24,KFINTECH25DEC1100CE,6.5,25.55,293.1,897750.0
2025-12-24,KFINTECH25DEC1100PE,7.3,18.5,153.4,513000.0
2025-12-24,KOTAKBANK25DEC2160CE,12.75,25.4,99.2,1709600.0
2025-12-24,KOTAKBANK25DEC2160PE,6.65,13.45,102.3,2213200.0
2025-12-24,KPITTECH25DEC1220CE,10.15,25.45,150.7,227200.0
2025-12-24,KPITTECH25DEC1220PE,6.8,15.2,123.5,344400.0
2025-12-24,LAURUSLABS25DEC1090CE,5.15,12.5,142.7,5241100.0
2025-12-24,LAURUSLABS25DEC1090PE,9.1,19.4,113.2,1071000.0
2025-12-24,LICHSGFIN25DEC540CE,1.65,4.9,197.0,4150000.0
2025-12-24,LICHSGFIN25DEC540PE,3.2,6.65,107.8,1076000.0
2025-12-24,LICI25DEC850CE,6.05,11.4,88.4,146300.0
2025-12-24,LICI25DEC850PE,3.0,5.55,85.0,260400.0
2025-12-24,LODHA25DEC1080CE,9.3,19.35,108.1,405900.0
2025-12-24,LODHA25DEC1080PE,6.9,13.0,88.4,287550.0
2025-12-24,LT25DEC4060CE,21.95,36.85,67.9,852075.0
2025-12-24,LT25DEC4060PE,19.05,32.75,71.9,492975.0
2025-12-24,LTF25DEC302.5CE,3.3,9.0,172.7,1900812.0
2025-12-24,LTF25DEC302.5PE,1.2,3.5,191.7,4569088.0
2025-12-24,LTIM25DEC6150CE,47.85,117.5,145.6,51300.0
2025-12-24,LTIM25DEC6150PE,24.2,60.0,147.9,171750.0
2025-12-24,LUPIN25DEC2100CE,13.4,25.0,86.6,400350.0
2025-12-24,LUPIN25DEC2100PE,10.9,18.0,65.1,462400.0
2025-12-24,MANAPPURAM25DEC315CE,0.5,5.1,920.0,41172000.0
2025-12-24,MANAPPURAM25DEC315PE,4.75,7.95,67.4,1755000.0
2025-12-24,MANKIND25DEC2200CE,12.0,51.95,332.9,288225.0
2025-12-24,MANKIND25DEC2200PE,6.85,26.35,284.7,345825.0
2025-12-24,MARICO25DEC730CE,6.2,11.55,86.3,306000.0
2025-12-24,MARICO25DEC730PE,2.3,5.5,139.1,937200.0
2025-12-24,MARUTI25DEC16700CE,55.0,104.2,89.5,784800.0
2025-12-24,MARUTI25DEC16700PE,105.05,214.25,104.0,180050.0
2025-12-24,MAXHEALTH25DEC1080CE,7.25,15.0,106.9,937650.0
2025-12-24,MAXHEALTH25DEC1080PE,6.4,15.5,142.2,603750.0
2025-12-24,MAZDOCK25DEC2550CE,17.95,42.7,137.9,3410925.0
2025-12-24,MAZDOCK25DEC2550PE,28.35,60.0,111.6,734650.0
2025-12-24,MCX25DEC10800CE,115.1,198.65,72.6,412750.0
2025-12-24,MCX25DEC10800PE,81.95,126.0,53.8,934375.0
2025-12-24,MFSL25DEC1680CE,12.25,37.2,203.7,59600.0
2025-12-24,MFSL25DEC1680PE,5.7,15.65,174.6,147600.0
2025-12-24,MOTHERSON25DEC120CE,0.93,2.0,115.1,16039200.0
2025-12-24,MOTHERSON25DEC120PE,1.1,1.62,47.3,8868300.0
2025-12-24,MPHASIS25DEC2900CE,25.5,59.7,134.1,529100.0
2025-12-24,MPHASIS25DEC2900PE,17.0,41.75,145.6,416350.0
2025-12-24,MUTHOOTFIN25DEC3800CE,36.0,103.5,187.5,1517725.0
2025-12-24,MUTHOOTFIN25DEC3800PE,11.75,43.3,268.5,1362075.0
2025-12-24,NATIONALUM25DEC295CE,2.3,6.35,176.1,11381250.0
2025-12-24,NATIONALUM25DEC295PE,2.6,6.0,130.8,5790000.0
2025-12-24,NAUKRI25DEC1360CE,12.4,31.85,156.9,534375.0
2025-12-24,NAUKRI25DEC1360PE,5.0,11.75,135.0,257250.0
2025-12-24,NBCC25DEC116CE,1.27,2.5,96.9,1059500.0
2025-12-24,NBCC25DEC116PE,1.0,1.63,63.0,1716000.0
2025-12-24,NCC25DEC160CE,2.08,4.0,92.3,1296000.0
2025-12-24,NCC25DEC160PE,1.08,1.81,67.6,834300.0
2025-12-24,NESTLEIND25DEC1260CE,3.35,9.5,183.6,922000.0
2025-12-24,NESTLEIND25DEC1260PE,7.0,16.8,140.0,355000.0
2025-12-24,NHPC25DEC78CE,0.56,1.15,105.4,2003200.0
2025-12-24,NHPC25DEC78PE,0.45,0.76,68.9,1126400.0
2025-12-24,NMDC25DEC81CE,1.0,1.68,68.0,12494250.0
2025-12-24,NMDC25DEC81PE,0.45,0.88,95.6,25137000.0
2025-12-24,NTPC25DEC322.5CE,1.8,4.7,161.1,2061000.0
2025-12-24,NTPC25DEC322.5PE,0.65,1.45,123.1,3465000.0
2025-12-24,NUVAMA25DEC7600CE,15.0,134.45,796.3,1595325.0
2025-12-24,NUVAMA25DEC7600PE,86.15,219.2,154.4,102225.0
2025-12-24,NYKAA25DEC257.5CE,2.0,5.7,185.0,2740625.0
2025-12-24,NYKAA25DEC257.5PE,0.9,2.25,150.0,3737500.0
2025-12-24,OBEROIRLTY25DEC1680CE,9.45,24.7,161.4,549850.0
2025-12-24,OBEROIRLTY25DEC1680PE,15.5,29.0,87.1,120750.0
2025-12-24,OFSS25DEC7800CE,51.7,119.05,130.3,59625.0
2025-12-24,OFSS25DEC7800PE,45.0,85.75,90.6,66075.0
2025-12-24,OIL25DEC410CE,2.8,5.9,110.7,637000.0
2025-12-24,OIL25DEC410PE,1.95,3.8,94.9,408800.0
2025-12-24,ONGC25DEC234CE,1.33,3.38,154.1,2502000.0
2025-12-24,ONGC25DEC234PE,0.8,1.9,137.5,2283750.0
2025-12-24,PAGEIND25DEC36500CE,305.0,481.0,57.7,13815.0
2025-12-24,PAGEIND25DEC36500PE,230.0,370.0,60.9,9075.0
2025-12-24,PATANJALI25DEC545CE,3.75,12.2,225.3,445500.0
2025-12-24,PATANJALI25DEC545PE,2.5,8.15,226.0,585000.0
2025-12-24,PAYTM25DEC1320CE,13.7,33.55,144.9,590875.0
2025-12-24,PAYTM25DEC1320PE,5.1,10.35,102.9,1153475.0
2025-12-24,PERSISTENT25DEC6400CE,45.75,122.0,166.7,260200.0
2025-12-24,PERSISTENT25DEC6400PE,40.65,95.4,134.7,511600.0
2025-12-24,PETRONET25DEC280CE,2.0,4.9,145.0,4060800.0
2025-12-24,PETRONET25DEC280PE,0.8,2.55,218.7,2980800.0
2025-12-24,PFC25DEC350CE,3.25,7.5,130.8,2306200.0
2025-12-24,PFC25DEC350PE,1.0,2.0,100.0,5384600.0
2025-12-24,PGEL25DEC580CE,6.1,14.0,129.5,2193100.0
2025-12-24,PGEL25DEC580PE,4.05,11.75,190.1,1332100.0
2025-12-24,PHOENIXLTD25DEC1840CE,16.3,28.5,74.8,241500.0
2025-12-24,PHOENIXLTD25DEC1840PE,6.4,15.0,134.4,81200.0
2025-12-24,PIDILITIND25DEC1440CE,13.0,26.0,100.0,49000.0
2025-12-24,PIDILITIND25DEC1440PE,2.7,6.2,129.6,166500.0
2025-12-24,PIIND25DEC3200CE,40.3,77.5,92.3,51975.0
2025-12-24,PIIND25DEC3200PE,9.8,21.15,115.8,133350.0
2025-12-24,PNB25DEC121CE,0.88,1.45,64.8,37480000.0
2025-12-24,PNB25DEC121PE,0.72,1.15,59.7,15040000.0
2025-12-24,PNBHOUSING25DEC970CE,1.15,8.9,673.9,6547450.0
2025-12-24,PNBHOUSING25DEC970PE,10.9,18.3,67.9,131950.0
2025-12-24,POLICYBZR25DEC1920CE,15.4,33.0,114.3,430150.0
2025-12-24,POLICYBZR25DEC1920PE,12.2,25.85,111.9,365050.0
2025-12-24,POLYCAB25DEC7600CE,69.0,121.95,76.7,95750.0
2025-12-24,POLYCAB25DEC7600PE,38.8,64.35,65.9,320750.0
2025-12-24,POWERGRID25DEC267.5CE,1.65,3.6,118.2,2040600.0
2025-12-24,POWERGRID25DEC267.5PE,1.0,2.6,160.0,1825900.0
2025-12-24,POWERINDIA25DEC18500CE,182.5,442.7,142.6,50150.0
2025-12-24,POWERINDIA25DEC18500PE,126.35,296.6,134.7,51650.0
2025-12-24,PPLPHARMA25DEC177.5CE,1.06,3.92,269.8,847500.0
2025-12-24,PPLPHARMA25DEC177.5PE,0.65,2.06,216.9,3272500.0
2025-12-24,PRESTIGE25DEC1620CE,10.05,24.2,140.8,1899900.0
2025-12-24,PRESTIGE25DEC1620PE,15.2,33.5,120.4,1224450.0
2025-12-24,RBLBANK25DEC305CE,2.85,8.5,198.2,4714875.0
2025-12-24,RBLBANK25DEC305PE,1.05,3.4,223.8,2635250.0
2025-12-24,RECLTD25DEC355CE,2.25,5.15,128.9,6683550.0
2025-12-24,RECLTD25DEC355PE,2.3,4.0,73.9,7610475.0
2025-12-24,RELIANCE25DEC1560CE,5.35,17.0,217.8,10319000.0
2025-12-24,RELIANCE25DEC1560PE,3.45,9.35,171.0,8004000.0
2025-12-24,RVNL25DEC345CE,2.95,7.4,150.8,12738000.0
2025-12-24,RVNL25DEC345PE,3.7,10.05,171.6,5308875.0
2025-12-24,SAIL25DEC131CE,1.6,3.8,137.5,427700.0
2025-12-24,SAIL25DEC131PE,0.6,1.26,110.0,1461700.0
2025-12-24,SAMMAANCAP25DEC140CE,2.5,4.0,60.0,25800.0
2025-12-24,SAMMAANCAP25DEC140PE,0.4,1.26,215.0,283800.0
2025-12-24,SBICARD25DEC870CE,7.05,16.8,138.3,718400.0
2025-12-24,SBICARD25DEC870PE,3.5,11.35,224.3,934400.0
2025-12-24,SBILIFE25DEC2020CE,12.25,18.0,46.9,291375.0
2025-12-24,SBILIFE25DEC2020PE,5.55,9.45,70.3,313500.0
2025-12-24,SBIN25DEC970CE,4.55,10.5,130.8,5452500.0
2025-12-24,SBIN25DEC970PE,2.9,5.6,93.1,8004000.0
2025-12-24,SHREECEM25DEC26250CE,81.15,182.85,125.3,10900.0
2025-12-24,SHRIRAMFIN25DEC970CE,7.65,20.05,162.1,15655200.0
2025-12-24,SHRIRAMFIN25DEC970PE,7.8,17.6,125.6,11776050.0
2025-12-24,SIEMENS25DEC3100CE,24.0,64.5,168.8,305375.0
2025-12-24,SIEMENS25DEC3100PE,10.95,28.05,156.2,310250.0
2025-12-24,SOLARINDS25DEC12500CE,125.05,290.0,131.9,153825.0
2025-12-24,SOLARINDS25DEC12500PE,85.3,179.0,109.8,190500.0
2025-12-24,SONACOMS25DEC485CE,4.45,9.0,102.2,882000.0
2025-12-24,SONACOMS25DEC485PE,3.75,6.5,73.3,368550.0
2025-12-24,SRF25DEC3100CE,16.05,33.6,109.3,514600.0
2025-12-24,SRF25DEC3100PE,20.6,35.3,71.4,297600.0
2025-12-24,SUNPHARMA25DEC1740CE,9.0,24.65,173.9,3014200.0
2025-12-24,SUNPHARMA25DEC1740PE,6.05,27.05,347.1,1729700.0
2025-12-24,SUPREMEIND25DEC3350CE,16.3,46.8,187.1,124950.0
2025-12-24,SUPREMEIND25DEC3350PE,22.85,50.5,121.0,41825.0
2025-12-24,SUZLON25DEC53CE,0.69,2.27,229.0,10792000.0
2025-12-24,SUZLON25DEC53PE,0.12,0.38,216.7,35800000.0
2025-12-24,SYNGENE25DEC660CE,2.1,7.0,233.3,994000.0
2025-12-24,SYNGENE25DEC660PE,5.5,11.35,106.4,212000.0
2025-12-24,TATACONSUM25DEC1180CE,6.3,13.25,110.3,616000.0
2025-12-24,TATACONSUM25DEC1180PE,8.1,14.35,77.2,224400.0
2025-12-24,TATAELXSI25DEC5400CE,42.0,90.95,116.5,347900.0
2025-12-24,TATAELXSI25DEC5400PE,44.9,72.55,61.6,383100.0
2025-12-24,TATAPOWER25DEC380CE,2.4,5.0,108.3,4033900.0
2025-12-24,TATAPOWER25DEC380PE,1.1,2.6,136.4,9098750.0
2025-12-24,TATASTEEL25DEC170CE,1.37,2.64,92.7,24249500.0
2025-12-24,TATASTEEL25DEC170PE,0.89,1.39,56.2,24557500.0
2025-12-24,TATATECH25DEC660CE,3.9,9.85,152.6,540800.0
2025-12-24,TATATECH25DEC660PE,3.6,7.6,111.1,361600.0
2025-12-24,TCS25DEC3320CE,9.35,21.9,134.2,2283925.0
2025-12-24,TCS25DEC3320PE,14.7,37.05,152.0,665525.0
2025-12-24,TECHM25DEC1640CE,4.2,9.05,115.5,2948400.0
2025-12-24,TECHM25DEC1640PE,12.7,28.1,121.3,598800.0
2025-12-24,TIINDIA25DEC2600CE,21.0,40.0,90.5,215000.0
2025-12-24,TIINDIA25DEC2600PE,20.55,32.1,56.2,68400.0
2025-12-24,TITAGARH25DEC860CE,5.35,22.5,320.6,11855925.0
2025-12-24,TITAGARH25DEC860PE,10.1,27.35,170.8,2455575.0
2025-12-24,TITAN25DEC3920CE,16.85,34.4,104.2,1002225.0
2025-12-24,TITAN25DEC3920PE,19.5,35.0,79.5,399350.0
2025-12-24,TMPV25DEC360CE,2.25,6.0,166.7,12213600.0
2025-12-24,TMPV25DEC360PE,2.05,3.9,90.2,9132800.0
2025-12-24,TORNTPHARM25DEC3850CE,9.0,18.25,102.8,221750.0
2025-12-24,TORNTPHARM25DEC3850PE,32.55,58.5,79.7,17000.0
2025-12-24,TORNTPOWER25DEC1280CE,10.7,20.25,89.3,63750.0
2025-12-24,TORNTPOWER25DEC1280PE,6.35,11.5,81.1,129000.0
2025-12-24,TRENT25DEC4300CE,12.35,59.5,381.8,6868100.0
2025-12-24,TRENT25DEC4300PE,45.5,130.2,186.2,904000.0
2025-12-24,TVSMOTOR25DEC3650CE,33.35,79.05,137.0,205100.0
2025-12-24,TVSMOTOR25DEC3650PE,10.0,24.0,140.0,511525.0
2025-12-24,ULTRACEMCO25DEC11800CE,51.05,85.0,66.5,768700.0
2025-12-24,ULTRACEMCO25DEC11800PE,82.25,166.0,101.8,85800.0
2025-12-24,UNIONBANK25DEC150CE,1.84,3.42,85.9,2084175.0
2025-12-24,UNIONBANK25DEC150PE,0.83,1.23,48.2,2513400.0
2025-12-24,UNITDSPR25DEC1420CE,11.8,28.5,141.5,177200.0
2025-12-24,UNITDSPR25DEC1420PE,6.15,15.05,144.7,331200.0
2025-12-24,UNOMINDA25DEC1300CE,6.4,18.1,182.8,1076900.0
2025-12-24,UNOMINDA25DEC1300PE,11.75,19.35,64.7,67100.0
2025-12-24,UPL25DEC770CE,8.75,18.5,111.4,861780.0
2025-12-24,UPL25DEC770PE,2.65,5.25,98.1,1860415.0
2025-12-24,VBL25DEC475CE,3.85,8.55,122.1,2538925.0
2025-12-24,VBL25DEC475PE,2.8,6.0,114.3,3596725.0
2025-12-24,VEDL25DEC600CE,2.55,7.1,178.4,40958400.0
2025-12-24,VEDL25DEC600PE,6.15,15.1,145.5,7447400.0
2025-12-24,VOLTAS25DEC1400CE,7.3,27.7,279.5,1639875.0
2025-12-24,VOLTAS25DEC1400PE,7.15,27.15,279.7,1192125.0
2025-12-24,WIPRO25DEC267.5CE,2.12,3.99,88.2,1959000.0
2025-12-24,WIPRO25DEC267.5PE,1.03,1.75,69.9,9414000.0
2025-12-24,YESBANK25DEC22CE,0.08,0.19,137.5,115971900.0
2025-12-24,YESBANK25DEC22PE,0.22,0.41,86.4,32561700.0
2025-12-24,ZYDUSLIFE25DEC920CE,5.2,16.3,213.5,794700.0
2025-12-24,ZYDUSLIFE25DEC920PE,2.25,8.65,284.4,821700.0
2025-12-26,ABB25DEC5100CE,105.05,148.0,40.9,10375.0
2025-12-26,ABB25DEC5100PE,6.2,11.25,81.5,49625.0
2025-12-26,ABB25DEC5150PE,9.9,19.1,92.9,36125.0
2025-12-26,ABB25DEC5200CE,32.2,66.2,105.6,53000.0
2025-12-26,ABB25DEC5200PE,19.0,41.4,117.9,91625.0
2025-12-26,ABB25DEC5250CE,15.95,36.9,131.3,237625.0
2025-12-26,ABB25DEC5250PE,41.35,63.4,53.3,6500.0
2025-12-26,ABB25DEC5300CE,6.3,15.6,147.6,129125.0
2025-12-26,ABB25DEC5300PE,73.7,102.95,39.7,10625.0
2025-12-26,ABCAPITAL25DEC335CE,9.55,14.55,52.4,65100.0
2025-12-26,ABCAPITAL25DEC335PE,0.35,0.85,142.9,511500.0
2025-12-26,ABCAPITAL25DEC340CE,6.0,10.65,77.5,545600.0
2025-12-26,ABCAPITAL25DEC340PE,0.95,2.25,136.8,2424200.0
2025-12-26,ABCAPITAL25DEC345CE,3.3,6.95,110.6,2464500.0
2025-12-26,ABCAPITAL25DEC345PE,2.1,4.7,123.8,2929500.0
2025-12-26,ABCAPITAL25DEC350CE,1.6,4.0,150.0,7970100.0
2025-12-26,ABCAPITAL25DEC350PE,4.1,8.0,95.1,1236900.0
2025-12-26,ABCAPITAL25DEC355CE,0.9,2.1,133.3,4225300.0
2025-12-26,ABCAPITAL25DEC355PE,7.45,11.9,59.7,319300.0
2025-12-26,ADANIENSOL25DEC1000CE,3.9,20.8,433.3,583200.0
2025-12-26,ADANIENSOL25DEC1000PE,2.25,10.95,386.7,525150.0
2025-12-26,ADANIENSOL25DEC1010CE,2.0,14.25,612.5,1070550.0
2025-12-26,ADANIENSOL25DEC1010PE,5.0,11.9,138.0,232875.0
2025-12-26,ADANIENSOL25DEC1020CE,1.15,9.7,743.5,2386800.0
2025-12-26,ADANIENSOL25DEC1020PE,10.0,22.75,127.5,97200.0
2025-12-26,ADANIENSOL25DEC1030CE,1.1,6.05,450.0,1121850.0
2025-12-26,ADANIENSOL25DEC1030PE,17.55,29.2,66.4,5400.0
2025-12-26,ADANIENSOL25DEC990CE,9.5,28.9,204.2,64125.0
2025-12-26,ADANIENSOL25DEC990PE,1.05,5.5,423.8,314550.0
2025-12-26,ADANIENT25DEC2210.45PE,7.85,15.3,94.9,61182.0
2025-12-26,ADANIENT25DEC2220CE,24.3,45.05,85.4,182310.0
2025-12-26,ADANIENT25DEC2220PE,9.9,23.5,137.4,603168.0
2025-12-26,ADANIENT25DEC2229.8CE,19.4,37.25,92.0,350097.0
2025-12-26,ADANIENT25DEC2229.8PE,12.7,27.15,113.8,296640.0
2025-12-26,ADANIENT25DEC2240CE,15.3,32.0,109.2,1340751.0
2025-12-26,ADANIENT25DEC2240PE,16.6,35.2,112.0,535188.0
2025-12-26,ADANIENT25DEC2249.2CE,13.0,27.0,107.7,396447.0
2025-12-26,ADANIENT25DEC2260CE,10.25,21.95,114.1,1543455.0
2025-12-26,ADANIENT25DEC2260PE,26.25,50.0,90.5,222171.0
2025-12-26,ADANIGREEN25DEC1000CE,17.65,28.8,63.2,450000.0
2025-12-26,ADANIGREEN25DEC1000PE,1.6,4.3,168.7,554400.0
2025-12-26,ADANIGREEN25DEC1020CE,6.45,12.85,99.2,1296000.0
2025-12-26,ADANIGREEN25DEC1020PE,5.7,12.95,127.2,412200.0
2025-12-26,ADANIGREEN25DEC1040CE,2.8,5.4,92.9,2539800.0
2025-12-26,ADANIGREEN25DEC1040PE,17.95,28.25,57.4,75000.0
2025-12-26,ADANIGREEN25DEC1060CE,1.15,2.55,121.7,1314000.0
2025-12-26,ADANIGREEN25DEC980CE,36.0,47.4,31.7,25800.0
2025-12-26,ADANIGREEN25DEC980PE,0.6,1.5,150.0,265800.0
2025-12-26,ADANIPORTS25DEC1460CE,30.65,40.5,32.1,73625.0
2025-12-26,ADANIPORTS25DEC1460PE,0.8,1.95,143.7,563825.0
2025-12-26,ADANIPORTS25DEC1480CE,14.8,23.55,59.1,308275.0
2025-12-26,ADANIPORTS25DEC1480PE,2.65,6.5,145.3,1127650.0
2025-12-26,ADANIPORTS25DEC1500CE,5.9,10.95,85.6,2116600.0
2025-12-26,ADANIPORTS25DEC1500PE,9.8,17.85,82.1,533425.0
2025-12-26,ADANIPORTS25DEC1520CE,2.8,5.0,78.6,2115650.0
2025-12-26,ADANIPORTS25DEC1520PE,23.95,34.55,44.3,237500.0
2025-12-26,ADANIPORTS25DEC1540CE,1.4,2.4,71.4,1312900.0
2025-12-26,ALKEM25DEC5450PE,9.5,15.4,62.1,13500.0
2025-12-26,ALKEM25DEC5500PE,11.65,36.25,211.2,51625.0
2025-12-26,ALKEM25DEC5550CE,11.05,43.25,291.4,179125.0
2025-12-26,ALKEM25DEC5550PE,22.8,62.15,172.6,10750.0
2025-12-26,ALKEM25DEC5600CE,8.2,30.0,265.9,79375.0
2025-12-26,ALKEM25DEC5600PE,66.95,100.0,49.4,9375.0
2025-12-26,ALKEM25DEC5650CE,4.55,17.2,278.0,62125.0
2025-12-26,AMBER25DEC6500PE,9.7,25.0,157.7,40900.0
2025-12-26,AMBER25DEC6600CE,100.0,155.0,55.0,18900.0
2025-12-26,AMBER25DEC6600PE,25.9,53.1,105.0,39400.0
2025-12-26,AMBER25DEC6700CE,51.55,92.55,79.5,82000.0
2025-12-26,AMBER25DEC6700PE,61.25,105.0,71.4,26800.0
2025-12-26,AMBER25DEC6800CE,24.0,52.55,119.0,86300.0
2025-12-26,AMBER25DEC6900CE,10.7,27.65,158.4,59200.0
2025-12-26,AMBUJACEM25DEC540CE,9.85,15.25,54.8,270900.0
2025-12-26,AMBUJACEM25DEC540PE,0.7,2.1,200.0,565950.0
2025-12-26,AMBUJACEM25DEC545CE,6.25,10.65,70.4,340200.0
2025-12-26,AMBUJACEM25DEC545PE,1.35,3.55,163.0,352800.0
2025-12-26,AMBUJACEM25DEC550CE,3.85,7.0,81.8,1935150.0
2025-12-26,AMBUJACEM25DEC550PE,2.5,6.1,144.0,1227450.0
2025-12-26,AMBUJACEM25DEC555CE,2.45,4.5,83.7,2113650.0
2025-12-26,AMBUJACEM25DEC555PE,4.85,9.45,94.8,257250.0
2025-12-26,AMBUJACEM25DEC560CE,1.4,2.8,100.0,2188200.0
2025-12-26,AMBUJACEM25DEC560PE,8.1,13.4,65.4,174300.0
2025-12-26,ANGELONE25DEC2400PE,1.75,3.5,100.0,338500.0
2025-12-26,ANGELONE25DEC2450CE,57.2,103.1,80.2,40250.0
2025-12-26,ANGELONE25DEC2450PE,4.3,10.45,143.0,235500.0
2025-12-26,ANGELONE25DEC2500CE,24.35,63.55,161.0,319750.0
2025-12-26,ANGELONE25DEC2500PE,13.05,27.7,112.3,424250.0
2025-12-26,ANGELONE25DEC2550CE,10.65,34.95,228.2,624000.0
2025-12-26,ANGELONE25DEC2550PE,34.05,63.25,85.8,127250.0
2025-12-26,ANGELONE25DEC2600CE,4.9,16.6,238.8,588000.0
2025-12-26,ANGELONE25DEC2600PE,68.2,106.95,56.8,50500.0
2025-12-26,APLAPOLLO25DEC1840CE,22.55,50.5,123.9,52150.0
2025-12-26,APLAPOLLO25DEC1840PE,1.6,8.0,400.0,188300.0
2025-12-26,APLAPOLLO25DEC1860CE,10.2,34.05,233.8,128100.0
2025-12-26,APLAPOLLO25DEC1860PE,3.75,17.3,361.3,122150.0
2025-12-26,APLAPOLLO25DEC1880CE,3.4,19.1,461.8,894950.0
2025-12-26,APLAPOLLO25DEC1880PE,9.4,33.8,259.6,249200.0
2025-12-26,APLAPOLLO25DEC1900CE,1.8,9.5,427.8,633850.0
2025-12-26,APLAPOLLO25DEC1920CE,0.75,3.8,406.7,235900.0
2025-12-26,APOLLOHOSP25DEC7100CE,79.95,111.2,39.1,43125.0
2025-12-26,APOLLOHOSP25DEC7100PE,10.55,20.55,94.8,102125.0
2025-12-26,APOLLOHOSP25DEC7150CE,47.2,75.0,58.9,101875.0
2025-12-26,APOLLOHOSP25DEC7150PE,23.95,40.75,70.1,161875.0
2025-12-26,APOLLOHOSP25DEC7200CE,28.0,49.0,75.0,536875.0
2025-12-26,APOLLOHOSP25DEC7200PE,46.0,67.95,47.7,65625.0
2025-12-26,APOLLOHOSP25DEC7250CE,13.9,30.0,115.8,209125.0
2025-12-26,APOLLOHOSP25DEC7300CE,7.0,18.45,163.6,309625.0
2025-12-26,ASHOKLEY25DEC172CE,1.93,3.86,100.0,485000.0
2025-12-26,ASHOKLEY25DEC172PE,0.36,0.79,119.4,3595000.0
2025-12-26,ASHOKLEY25DEC173CE,1.35,2.85,111.1,890000.0
2025-12-26,ASHOKLEY25DEC173PE,0.54,1.2,122.2,4520000.0
2025-12-26,ASHOKLEY25DEC174CE,0.92,2.48,169.6,2680000.0
2025-12-26,ASHOKLEY25DEC174PE,0.31,1.75,464.5,4255000.0
2025-12-26,ASHOKLEY25DEC175CE,0.62,1.88,203.2,14470000.0
2025-12-26,ASHOKLEY25DEC175PE,1.2,2.48,106.7,7845000.0
2025-12-26,ASHOKLEY25DEC176CE,0.42,1.38,228.6,5270000.0
2025-12-26,ASHOKLEY25DEC176PE,1.8,3.28,82.2,1155000.0
2025-12-26,ASIANPAINT25DEC2720CE,37.05,54.35,46.7,25500.0
2025-12-26,ASIANPAINT25DEC2720PE,2.0,7.15,257.5,474750.0
2025-12-26,ASIANPAINT25DEC2740CE,23.55,56.5,139.9,141250.0
2025-12-26,ASIANPAINT25DEC2740PE,3.65,13.85,279.5,919000.0
2025-12-26,ASIANPAINT25DEC2760CE,14.4,39.4,173.6,515500.0
2025-12-26,ASIANPAINT25DEC2760PE,6.85,24.4,256.2,904000.0
2025-12-26,ASIANPAINT25DEC2780CE,8.05,26.2,225.5,829250.0
2025-12-26,ASIANPAINT25DEC2780PE,13.3,38.3,188.0,369250.0
2025-12-26,ASIANPAINT25DEC2800CE,4.35,15.5,256.3,1413000.0
2025-12-26,ASIANPAINT25DEC2800PE,23.2,54.9,136.6,365750.0
2025-12-26,ASTRAL25DEC1360PE,1.65,3.45,109.1,168725.0
2025-12-26,ASTRAL25DEC1380CE,18.55,27.65,49.1,11050.0
2025-12-26,ASTRAL25DEC1380PE,3.9,8.5,117.9,158525.0
2025-12-26,ASTRAL25DEC1400CE,8.45,14.8,75.1,518925.0
2025-12-26,ASTRAL25DEC1400PE,10.9,18.35,68.3,172125.0
2025-12-26,ASTRAL25DEC1420CE,3.9,7.25,85.9,288575.0
2025-12-26,ASTRAL25DEC1420PE,24.7,33.55,35.8,19125.0
2025-12-26,ASTRAL25DEC1440CE,1.8,3.3,83.3,209100.0
2025-12-26,AUBANK25DEC1000CE,1.35,3.4,151.9,1217000.0
2025-12-26,AUBANK25DEC1000PE,21.0,29.0,38.1,32000.0
2025-12-26,AUBANK25DEC960CE,15.7,22.9,45.9,114000.0
2025-12-26,AUBANK25DEC960PE,1.6,2.9,81.2,398000.0
2025-12-26,AUBANK25DEC970CE,8.1,16.15,99.4,159000.0
2025-12-26,AUBANK25DEC970PE,3.35,6.35,89.6,884000.0
2025-12-26,AUBANK25DEC980CE,4.5,9.5,111.1,1362000.0
2025-12-26,AUBANK25DEC980PE,6.7,11.7,74.6,424000.0
2025-12-26,AUBANK25DEC990CE,2.4,6.0,150.0,1313000.0
2025-12-26,AUBANK25DEC990PE,12.8,18.8,46.9,81000.0
2025-12-26,AUROPHARMA25DEC1180CE,29.0,42.15,45.3,32450.0
2025-12-26,AUROPHARMA25DEC1180PE,0.8,1.45,81.2,206250.0
2025-12-26,AUROPHARMA25DEC1200CE,12.9,24.3,88.4,119900.0
2025-12-26,AUROPHARMA25DEC1200PE,3.05,6.3,106.6,250250.0
2025-12-26,AUROPHARMA25DEC1220CE,3.9,10.4,166.7,527450.0
2025-12-26,AUROPHARMA25DEC1220PE,9.35,17.1,82.9,171600.0
2025-12-26,AUROPHARMA25DEC1240CE,2.1,5.0,138.1,516450.0
2025-12-26,AUROPHARMA25DEC1260CE,0.95,2.0,110.5,403150.0
2025-12-26,AXISBANK25DEC1210CE,14.75,21.1,43.1,61875.0
2025-12-26,AXISBANK25DEC1210PE,1.5,4.3,186.7,1153125.0
2025-12-26,AXISBANK25DEC1220CE,8.25,13.2,60.0,961250.0
2025-12-26,AXISBANK25DEC1220PE,3.5,8.05,130.0,1985625.0
2025-12-26,AXISBANK25DEC1230CE,3.95,7.0,77.2,3182500.0
2025-12-26,AXISBANK25DEC1230PE,7.0,13.5,92.9,1185000.0
2025-12-26,AXISBANK25DEC1240CE,1.8,3.35,86.1,2967500.0
2025-12-26,AXISBANK25DEC1240PE,13.25,19.95,50.6,533750.0
2025-12-26,AXISBANK25DEC1250CE,0.65,1.8,176.9,1735000.0
2025-12-26,AXISBANK25DEC1250PE,21.85,29.05,33.0,320625.0
2025-12-26,BAJAJFINSV25DEC1980CE,33.45,52.35,56.5,16000.0
2025-12-26,BAJAJFINSV25DEC1980PE,1.8,3.5,94.4,255000.0
2025-12-26,BAJAJFINSV25DEC2000CE,19.2,34.4,79.2,159500.0
2025-12-26,BAJAJFINSV25DEC2000PE,3.9,8.95,129.5,775750.0
2025-12-26,BAJAJFINSV25DEC2020CE,9.65,21.1,118.7,450750.0
2025-12-26,BAJAJFINSV25DEC2020PE,8.8,19.3,119.3,487500.0
2025-12-26,BAJAJFINSV25DEC2040CE,4.55,10.2,124.2,880250.0
2025-12-26,BAJAJFINSV25DEC2040PE,18.55,34.0,83.3,331250.0
2025-12-26,BAJAJFINSV25DEC2060CE,2.3,5.15,123.9,1331250.0
2025-12-26,BAJAJFINSV25DEC2060PE,33.5,52.0,55.2,103000.0
2025-12-26,BAJFINANCE25DEC1000CE,7.25,15.0,106.9,1583250.0
2025-12-26,BAJFINANCE25DEC1000PE,5.45,11.45,110.1,3834000.0
2025-12-26,BAJFINANCE25DEC1010CE,4.05,8.9,119.8,4115250.0
2025-12-26,BAJFINANCE25DEC1010PE,10.7,17.55,64.0,1002000.0
2025-12-26,BAJFINANCE25DEC1020CE,2.25,5.5,144.4,7287750.0
2025-12-26,BAJFINANCE25DEC1020PE,17.5,26.15,49.4,740250.0
2025-12-26,BAJFINANCE25DEC980CE,21.1,28.6,35.5,146250.0
2025-12-26,BAJFINANCE25DEC980PE,1.2,3.75,212.5,2610750.0
2025-12-26,BAJFINANCE25DEC990CE,13.15,20.5,55.9,504750.0
2025-12-26,BAJFINANCE25DEC990PE,2.55,7.0,174.5,2307000.0
2025-12-26,BANDHANBNK25DEC140PE,0.2,0.32,60.0,594000.0
2025-12-26,BANDHANBNK25DEC142.5CE,3.04,4.15,36.5,61200.0
2025-12-26,BANDHANBNK25DEC142.5PE,0.42,0.72,71.4,280800.0
2025-12-26,BANDHANBNK25DEC145CE,1.25,2.34,87.2,1519200.0
2025-12-26,BANDHANBNK25DEC145PE,1.0,1.85,85.0,1598400.0
2025-12-26,BANDHANBNK25DEC147.5CE,0.53,1.12,111.3,1886400.0
2025-12-26,BANDHANBNK25DEC147.5PE,2.23,3.42,53.4,291600.0
2025-12-26,BANDHANBNK25DEC150CE,0.26,0.6,130.8,8074800.0
2025-12-26,BANDHANBNK25DEC150PE,4.25,5.7,34.1,669600.0
2025-12-26,BANKBARODA25DEC285CE,4.35,7.15,64.4,391950.0
2025-12-26,BANKBARODA25DEC285PE,0.5,1.0,100.0,1126125.0
2025-12-26,BANKBARODA25DEC287.5CE,2.65,5.0,88.7,582075.0
2025-12-26,BANKBARODA25DEC287.5PE,0.85,1.85,117.6,1222650.0
2025-12-26,BANKBARODA25DEC290CE,1.45,3.45,137.9,3258450.0
2025-12-26,BANKBARODA25DEC290PE,1.5,3.05,103.3,3729375.0
2025-12-26,BANKBARODA25DEC292.5CE,0.85,2.15,152.9,3571425.0
2025-12-26,BANKBARODA25DEC295CE,0.5,1.3,160.0,3278925.0
2025-12-26,BANKBARODA25DEC295PE,4.35,7.05,62.1,728325.0
2025-12-26,BANKINDIA25DEC138PE,0.3,0.62,106.7,369200.0
2025-12-26,BANKINDIA25DEC139CE,1.3,1.86,43.1,124800.0
2025-12-26,BANKINDIA25DEC139PE,0.62,1.1,77.4,182000.0
2025-12-26,BANKINDIA25DEC140CE,0.92,1.74,89.1,2340000.0
2025-12-26,BANKINDIA25DEC140PE,0.99,1.77,78.8,1294800.0
2025-12-26,BANKINDIA25DEC141CE,0.63,1.16,84.1,608400.0
2025-12-26,BANKINDIA25DEC142CE,0.46,0.86,87.0,759200.0
2025-12-26,BANKINDIA25DEC142PE,2.2,3.14,42.7,114400.0
2025-12-26,BDL25DEC1460CE,31.0,59.35,91.5,256100.0
2025-12-26,BDL25DEC1460PE,1.2,7.2,500.0,1843400.0
2025-12-26,BDL25DEC1480CE,22.0,41.95,90.7,842400.0
2025-12-26,BDL25DEC1480PE,2.7,10.05,272.2,3133975.0
2025-12-26,BDL25DEC1500CE,13.0,29.35,125.8,3535350.0
2025-12-26,BDL25DEC1500PE,8.5,19.0,123.5,2790125.0
2025-12-26,BDL25DEC1520CE,8.6,19.9,131.4,8053825.0
2025-12-26,BDL25DEC1520PE,18.75,35.0,86.7,518375.0
2025-12-26,BDL25DEC1540PE,32.0,48.2,50.6,177775.0
2025-12-26,BEL25DEC395CE,6.35,12.4,95.3,2356950.0
2025-12-26,BEL25DEC395PE,0.4,1.1,175.0,5902350.0
2025-12-26,BEL25DEC400CE,3.25,8.2,152.3,13719900.0
2025-12-26,BEL25DEC400PE,1.15,3.1,169.6,17349375.0
2025-12-26,BEL25DEC405CE,1.75,5.0,185.7,24330450.0
2025-12-26,BEL25DEC405PE,2.95,6.45,118.6,7011000.0
2025-12-26,BEL25DEC410CE,1.0,3.05,205.0,40508475.0
2025-12-26,BEL25DEC410PE,5.95,10.75,80.7,2408250.0
2025-12-26,BEL25DEC415CE,0.4,1.65,312.5,18943950.0
2025-12-26,BEL25DEC415PE,9.65,14.55,50.8,741000.0
2025-12-26,BHARATFORG25DEC1420CE,28.9,41.05,42.0,21000.0
2025-12-26,BHARATFORG25DEC1420PE,1.75,3.0,71.4,189500.0
2025-12-26,BHARATFORG25DEC1440CE,14.85,25.45,71.4,151000.0
2025-12-26,BHARATFORG25DEC1440PE,4.4,8.7,97.7,292500.0
2025-12-26,BHARATFORG25DEC1460CE,6.75,12.9,91.1,649500.0
2025-12-26,BHARATFORG25DEC1460PE,11.85,20.75,75.1,141000.0
2025-12-26,BHARATFORG25DEC1480CE,3.15,6.15,95.2,314500.0
2025-12-26,BHARATFORG25DEC1500CE,1.0,2.65,165.0,360000.0
2025-12-26,BHEL25DEC280CE,1.75,6.8,288.6,5053125.0
2025-12-26,BHEL25DEC280PE,1.05,4.1,290.5,8730750.0
2025-12-26,BHEL25DEC282.5CE,1.0,5.0,400.0,4648875.0
2025-12-26,BHEL25DEC282.5PE,1.7,5.7,235.3,4596375.0
2025-12-26,BHEL25DEC285CE,0.65,3.5,438.5,16968000.0
2025-12-26,BHEL25DEC285PE,2.7,7.8,188.9,5173875.0
2025-12-26,BHEL25DEC287.5CE,0.45,2.4,433.3,7932750.0
2025-12-26,BHEL25DEC287.5PE,4.05,8.3,104.9,1026375.0
2025-12-26,BHEL25DEC290CE,0.4,1.65,312.5,18934125.0
2025-12-26,BHEL25DEC290PE,5.8,9.6,65.5,847875.0
2025-12-26,BIOCON25DEC390CE,7.1,11.6,63.4,1022500.0
2025-12-26,BIOCON25DEC390PE,0.45,1.75,288.9,2585000.0
2025-12-26,BIOCON25DEC395CE,4.0,7.15,78.8,1180000.0
2025-12-26,BIOCON25DEC395PE,1.15,3.55,208.7,2335000.0
2025-12-26,BIOCON25DEC400CE,1.55,4.0,158.1,5110000.0
2025-12-26,BIOCON25DEC400PE,2.9,6.5,124.1,2390000.0
2025-12-26,BIOCON25DEC405CE,0.95,2.2,131.6,3347500.0
2025-12-26,BIOCON25DEC405PE,5.9,9.15,55.1,522500.0
2025-12-26,BIOCON25DEC410CE,0.5,1.15,130.0,3070000.0
2025-12-26,BIOCON25DEC410PE,10.1,13.65,35.1,390000.0
2025-12-26,BLUESTARCO25DEC1740CE,39.3,61.8,57.3,22100.0
2025-12-26,BLUESTARCO25DEC1740PE,1.6,4.45,178.1,63700.0
2025-12-26,BLUESTARCO25DEC1760CE,24.45,40.3,64.8,6825.0
2025-12-26,BLUESTARCO25DEC1760PE,2.7,8.3,207.4,69875.0
2025-12-26,BLUESTARCO25DEC1780CE,11.75,25.95,120.9,203125.0
2025-12-26,BLUESTARCO25DEC1780PE,6.35,16.7,163.0,34775.0
2025-12-26,BLUESTARCO25DEC1800CE,5.95,14.0,135.3,257725.0
2025-12-26,BLUESTARCO25DEC1800PE,13.35,29.3,119.5,15600.0
2025-12-26,BLUESTARCO25DEC1820CE,2.2,7.0,218.2,36400.0
2025-12-26,BLUESTARCO25DEC1820PE,28.1,47.35,68.5,9425.0
2025-12-26,BOSCHLTD25DEC35000PE,19.4,44.6,129.9,60750.0
2025-12-26,BOSCHLTD25DEC36000CE,242.4,427.0,76.2,8075.0
2025-12-26,BOSCHLTD25DEC36000PE,122.75,226.35,84.4,11875.0
2025-12-26,BOSCHLTD25DEC36500CE,104.8,200.0,90.8,25750.0
2025-12-26,BOSCHLTD25DEC36500PE,409.7,587.05,43.3,8425.0
2025-12-26,BOSCHLTD25DEC37000CE,38.0,80.25,111.2,30575.0
2025-12-26,BPCL25DEC360CE,4.5,9.1,102.2,695200.0
2025-12-26,BPCL25DEC360PE,0.8,2.6,225.0,1982900.0
2025-12-26,BPCL25DEC362.5CE,3.2,6.85,114.1,628050.0
2025-12-26,BPCL25DEC362.5PE,1.1,3.9,254.5,1194875.0
2025-12-26,BPCL25DEC365CE,2.25,5.4,140.0,2093500.0
2025-12-26,BPCL25DEC367.5CE,1.5,3.95,163.3,1208700.0
2025-12-26,BPCL25DEC367.5PE,2.65,7.05,166.0,414750.0
2025-12-26,BPCL25DEC370CE,1.05,2.7,157.1,3547100.0
2025-12-26,BPCL25DEC370PE,3.7,9.05,144.6,630025.0
2025-12-26,BRITANNIA25DEC5950PE,7.25,17.0,134.5,34750.0
2025-12-26,BRITANNIA25DEC6000CE,43.2,83.95,94.3,31375.0
2025-12-26,BRITANNIA25DEC6000PE,17.0,33.95,99.7,110375.0
2025-12-26,BRITANNIA25DEC6050CE,28.05,53.15,89.5,102625.0
2025-12-26,BRITANNIA25DEC6050PE,36.45,64.05,75.7,34000.0
2025-12-26,BRITANNIA25DEC6100CE,16.05,32.3,101.2,141500.0
2025-12-26,BRITANNIA25DEC6150CE,10.55,20.5,94.3,69875.0
2025-12-26,BSE25DEC2550CE,103.65,138.25,33.4,111375.0
2025-12-26,BSE25DEC2550PE,2.6,8.6,230.8,1482375.0
2025-12-26,BSE25DEC2600CE,62.4,95.7,53.4,543000.0
2025-12-26,BSE25DEC2600PE,7.0,18.6,165.7,2329875.0
2025-12-26,BSE25DEC2650CE,32.4,58.95,81.9,1003500.0
2025-12-26,BSE25DEC2650PE,21.2,38.75,82.8,2763000.0
2025-12-26,BSE25DEC2700CE,16.05,33.6,109.3,4462500.0
2025-12-26,BSE25DEC2700PE,46.25,68.5,48.1,897375.0
2025-12-26,BSE25DEC2750CE,8.2,19.0,131.7,2436375.0
2025-12-26,BSE25DEC2750PE,83.05,108.2,30.3,294375.0
2025-12-26,CAMS25DEC740PE,1.35,2.3,70.4,117000.0
2025-12-26,CAMS25DEC750CE,7.55,14.0,85.4,117750.0
2025-12-26,CAMS25DEC750PE,3.3,6.55,98.5,164250.0
2025-12-26,CAMS25DEC760CE,3.15,8.0,154.0,357000.0
2025-12-26,CAMS25DEC760PE,6.75,13.15,94.8,84750.0
2025-12-26,CAMS25DEC770CE,1.55,4.4,183.9,471750.0
2025-12-26,CAMS25DEC770PE,13.6,20.75,52.6,31500.0
2025-12-26,CAMS25DEC780CE,0.9,2.25,150.0,291750.0
2025-12-26,CAMS25DEC780PE,22.0,28.75,30.7,25500.0
2025-12-26,CANBK25DEC148CE,1.67,3.01,80.2,1316250.0
2025-12-26,CANBK25DEC148PE,0.38,0.82,115.8,3786750.0
2025-12-26,CANBK25DEC149CE,1.12,2.24,100.0,1215000.0
2025-12-26,CANBK25DEC149PE,0.59,1.3,120.3,4029750.0
2025-12-26,CANBK25DEC150CE,0.72,1.57,118.1,20952000.0
2025-12-26,CANBK25DEC150PE,0.9,1.98,120.0,10374750.0
2025-12-26,CANBK25DEC151CE,0.52,1.11,113.5,9787500.0
2025-12-26,CANBK25DEC151PE,1.43,2.25,57.3,1309500.0
2025-12-26,CANBK25DEC152CE,0.41,0.82,100.0,6297750.0
2025-12-26,CANBK25DEC152PE,2.1,3.06,45.7,803250.0
2025-12-26,CDSL25DEC1460CE,34.15,50.0,46.4,20425.0
2025-12-26,CDSL25DEC1460PE,1.55,3.05,96.8,218025.0
2025-12-26,CDSL25DEC1480CE,18.4,32.25,75.3,117800.0
2025-12-26,CDSL25DEC1480PE,4.05,9.45,133.3,429400.0
2025-12-26,CDSL25DEC1500CE,8.2,18.45,125.0,1118625.0
2025-12-26,CDSL25DEC1500PE,9.5,18.05,90.0,359100.0
2025-12-26,CDSL25DEC1520CE,4.1,9.45,130.5,1410750.0
2025-12-26,CDSL25DEC1520PE,20.9,34.2,63.6,109725.0
2025-12-26,CDSL25DEC1540CE,1.7,4.7,176.5,1112925.0
2025-12-26,CDSL25DEC1540PE,37.0,51.0,37.8,64125.0
2025-12-26,CGPOWER25DEC640PE,0.5,1.1,120.0,96050.0
2025-12-26,CGPOWER25DEC650CE,12.0,17.65,47.1,113900.0
2025-12-26,CGPOWER25DEC650PE,1.55,3.25,109.7,200600.0
2025-12-26,CGPOWER25DEC660CE,6.2,10.5,69.4,306850.0
2025-12-26,CGPOWER25DEC660PE,4.2,7.55,79.8,389300.0
2025-12-26,CGPOWER25DEC670CE,3.1,5.85,88.7,1476450.0
2025-12-26,CGPOWER25DEC670PE,9.7,14.3,47.4,220150.0
2025-12-26,CGPOWER25DEC680CE,1.8,3.4,88.9,712300.0
2025-12-26,CGPOWER25DEC680PE,16.85,22.75,35.0,85850.0
2025-12-26,CHOLAFIN25DEC1660CE,42.35,56.6,33.6,176875.0
2025-12-26,CHOLAFIN25DEC1660PE,2.25,4.5,100.0,1843125.0
2025-12-26,CHOLAFIN25DEC1680CE,25.15,37.9,50.7,486250.0
2025-12-26,CHOLAFIN25DEC1680PE,4.05,7.0,72.8,1691875.0
2025-12-26,CHOLAFIN25DEC1700CE,11.75,21.0,78.7,1684375.0
2025-12-26,CHOLAFIN25DEC1700PE,7.25,14.0,93.1,1360000.0
2025-12-26,CHOLAFIN25DEC1720CE,4.25,9.2,116.5,2750000.0
2025-12-26,CHOLAFIN25DEC1720PE,13.85,25.65,85.2,353125.0
2025-12-26,CHOLAFIN25DEC1740CE,1.2,3.45,187.5,3246875.0
2025-12-26,CHOLAFIN25DEC1740PE,28.3,42.55,50.4,153125.0
2025-12-26,CIPLA25DEC1490CE,13.85,20.25,46.2,68250.0
2025-12-26,CIPLA25DEC1490PE,3.2,9.1,184.4,249000.0
2025-12-26,CIPLA25DEC1500CE,5.5,13.4,143.6,674250.0
2025-12-26,CIPLA25DEC1500PE,6.35,10.6,66.9,617250.0
2025-12-26,CIPLA25DEC1510CE,3.9,8.85,126.9,1096875.0
2025-12-26,CIPLA25DEC1510PE,11.5,16.3,41.7,168000.0
2025-12-26,CIPLA25DEC1520CE,2.45,5.65,130.6,760125.0
2025-12-26,CIPLA25DEC1530CE,0.9,3.55,294.4,565500.0
2025-12-26,COALINDIA25DEC404.75CE,2.4,6.4,166.7,1586250.0
2025-12-26,COALINDIA25DEC404.75PE,2.45,5.45,122.4,788400.0
2025-12-26,COALINDIA25DEC405CE,2.65,6.3,137.7,4982850.0
2025-12-26,COALINDIA25DEC405PE,2.5,5.55,122.0,3350700.0
2025-12-26,COALINDIA25DEC407.25CE,1.0,5.1,410.0,5239350.0
2025-12-26,COALINDIA25DEC402.5CE,3.8,7.75,103.9,804600.0
2025-12-26,COALINDIA25DEC402.5PE,1.6,4.0,150.0,1493100.0
2025-12-26,COALINDIA25DEC407.25PE,3.5,7.15,104.3,346950.0
2025-12-26,COALINDIA25DEC407.5CE,2.05,5.0,143.9,1583550.0
2025-12-26,COALINDIA25DEC407.5PE,3.8,6.8,78.9,364500.0
2025-12-26,COFORGE25DEC1660PE,7.95,28.3,256.0,3330375.0
2025-12-26,COFORGE25DEC1680CE,31.65,74.85,136.5,681000.0
2025-12-26,COFORGE25DEC1680PE,11.8,38.3,224.6,3578250.0
2025-12-26,COFORGE25DEC1700CE,23.4,61.1,161.1,2003250.0
2025-12-26,COFORGE25DEC1700PE,17.0,49.4,190.6,4656750.0
2025-12-26,COFORGE25DEC1720CE,16.8,47.35,181.8,2157375.0
2025-12-26,COFORGE25DEC1720PE,23.9,62.65,162.1,2025375.0
2025-12-26,COFORGE25DEC1740CE,11.75,35.75,204.3,3232500.0
2025-12-26,COFORGE25DEC1740PE,32.0,77.7,142.8,1216500.0
2025-12-26,COLPAL25DEC2060PE,1.7,4.3,152.9,59625.0
2025-12-26,COLPAL25DEC2080CE,23.0,34.4,49.6,9225.0
2025-12-26,COLPAL25DEC2080PE,4.0,13.4,235.0,63225.0
2025-12-26,COLPAL25DEC2100CE,12.0,23.65,97.1,267300.0
2025-12-26,COLPAL25DEC2100PE,9.45,19.3,104.2,155025.0
2025-12-26,COLPAL25DEC2120CE,5.0,13.5,170.0,189000.0
2025-12-26,COLPAL25DEC2120PE,19.1,32.6,70.7,63450.0
2025-12-26,COLPAL25DEC2140CE,3.35,7.55,125.4,84825.0
2025-12-26,COLPAL25DEC2140PE,35.0,49.25,40.7,6975.0
2025-12-26,CONCOR25DEC505CE,9.2,17.5,90.2,110000.0
2025-12-26,CONCOR25DEC505PE,0.55,2.55,363.6,612500.0
2025-12-26,CONCOR25DEC510CE,2.85,13.4,370.2,1367500.0
2025-12-26,CONCOR25DEC510PE,0.85,4.8,464.7,1520000.0
2025-12-26,CONCOR25DEC515CE,1.7,9.35,450.0,2893750.0
2025-12-26,CONCOR25DEC515PE,1.7,6.35,273.5,753750.0
2025-12-26,CONCOR25DEC520CE,0.8,6.3,687.5,9383750.0
2025-12-26,CONCOR25DEC520PE,3.4,11.8,247.1,965000.0
2025-12-26,CONCOR25DEC525CE,0.6,4.35,625.0,6425000.0
2025-12-26,CONCOR25DEC525PE,6.45,13.9,115.5,177500.0
2025-12-26,CROMPTON25DEC250PE,0.25,0.55,120.0,549000.0
2025-12-26,CROMPTON25DEC255CE,3.2,4.65,45.3,300600.0
2025-12-26,CROMPTON25DEC255PE,0.9,1.65,83.3,606600.0
2025-12-26,CROMPTON25DEC260CE,1.0,1.8,80.0,1681200.0
2025-12-26,CROMPTON25DEC260PE,2.9,4.55,56.9,378000.0
2025-12-26,CROMPTON25DEC265CE,0.3,0.55,83.3,1157400.0
2025-12-26,CROMPTON25DEC265PE,6.8,8.85,30.1,91800.0
2025-12-26,CROMPTON25DEC270CE,0.1,0.25,150.0,1719000.0
2025-12-26,CUMMINSIND25DEC4250PE,3.85,8.85,129.9,70200.0
2025-12-26,CUMMINSIND25DEC4300CE,71.4,100.0,40.1,5000.0
2025-12-26,CUMMINSIND25DEC4300PE,8.3,18.65,124.7,227800.0
2025-12-26,CUMMINSIND25DEC4350CE,40.5,63.2,56.0,28000.0
2025-12-26,CUMMINSIND25DEC4350PE,13.05,36.8,182.0,352800.0
2025-12-26,CUMMINSIND25DEC4400CE,18.0,48.8,171.1,295400.0
2025-12-26,CUMMINSIND25DEC4400PE,32.2,65.0,101.9,126000.0
2025-12-26,CUMMINSIND25DEC4450CE,8.6,30.4,253.5,171800.0
2025-12-26,CUMMINSIND25DEC4450PE,59.05,102.5,73.6,27200.0
2025-12-26,CYIENT25DEC1080PE,1.2,2.45,104.2,132175.0
2025-12-26,CYIENT25DEC1100PE,2.9,5.9,103.4,90525.0
2025-12-26,CYIENT25DEC1120CE,10.8,16.6,53.7,350625.0
2025-12-26,CYIENT25DEC1120PE,7.4,15.5,109.5,110500.0
2025-12-26,CYIENT25DEC1140CE,4.4,7.2,63.6,699550.0
2025-12-26,CYIENT25DEC1140PE,19.75,28.3,43.3,26775.0
2025-12-26,CYIENT25DEC1160CE,1.8,3.15,75.0,172125.0
2025-12-26,DABUR25DEC480PE,0.2,0.35,75.0,385000.0
2025-12-26,DABUR25DEC485PE,0.5,0.95,90.0,568750.0
2025-12-26,DABUR25DEC490CE,3.5,5.55,58.6,351250.0
2025-12-26,DABUR25DEC490PE,1.6,2.85,78.1,810000.0
2025-12-26,DABUR25DEC495CE,1.15,2.9,152.2,865000.0
2025-12-26,DABUR25DEC495PE,4.1,5.8,41.5,197500.0
2025-12-26,DABUR25DEC500CE,0.7,1.4,100.0,1045000.0
2025-12-26,DALBHARAT25DEC2120CE,6.3,46.95,645.2,428025.0
2025-12-26,DALBHARAT25DEC2120PE,1.85,21.15,1043.2,459550.0
2025-12-26,DALBHARAT25DEC2140CE,5.8,32.2,455.2,1273675.0
2025-12-26,DALBHARAT25DEC2160CE,2.45,20.95,755.1,1856075.0
2025-12-26,DALBHARAT25DEC2160PE,15.4,25.0,62.3,65975.0
2025-12-26,DALBHARAT25DEC2180CE,2.5,13.15,426.0,1133600.0
2025-12-26,DALBHARAT25DEC2180PE,25.9,63.4,144.8,7150.0
2025-12-26,DALBHARAT25DEC2200CE,1.75,8.0,357.1,1038700.0
2025-12-26,DELHIVERY25DEC400CE,7.6,10.7,40.8,176375.0
2025-12-26,DELHIVERY25DEC400PE,1.0,1.8,80.0,504225.0
2025-12-26,DELHIVERY25DEC405CE,4.3,6.9,60.5,226175.0
2025-12-26,DELHIVERY25DEC405PE,2.15,3.65,69.8,900550.0
2025-12-26,DELHIVERY25DEC410CE,2.25,4.1,82.2,1010525.0
2025-12-26,DELHIVERY25DEC410PE,4.25,6.55,54.1,529125.0
2025-12-26,DELHIVERY25DEC415CE,1.1,2.2,100.0,564400.0
2025-12-26,DELHIVERY25DEC415PE,7.75,10.3,32.9,60175.0
2025-12-26,DELHIVERY25DEC420CE,0.55,1.25,127.3,865275.0
2025-12-26,DIVISLAB25DEC6400CE,96.8,158.0,63.2,19300.0
2025-12-26,DIVISLAB25DEC6400PE,11.25,22.85,103.1,93900.0
2025-12-26,DIVISLAB25DEC6450CE,58.8,113.25,92.6,14400.0
2025-12-26,DIVISLAB25DEC6450PE,19.6,40.0,104.1,93600.0
2025-12-26,DIVISLAB25DEC6500CE,35.0,78.4,124.0,82300.0
2025-12-26,DIVISLAB25DEC6500PE,34.0,65.25,91.9,97400.0
2025-12-26,DIVISLAB25DEC6550CE,20.8,51.25,146.4,110800.0
2025-12-26,DIVISLAB25DEC6550PE,55.7,102.05,83.2,23000.0
2025-12-26,DIVISLAB25DEC6600CE,13.0,32.95,153.5,146100.0
2025-12-26,DIXON25DEC12000CE,498.55,734.6,47.3,48750.0
2025-12-26,DIXON25DEC12000PE,42.05,85.45,103.2,1815350.0
2025-12-26,DIXON25DEC12250CE,296.1,518.05,75.0,48100.0
2025-12-26,DIXON25DEC12250PE,74.0,144.5,95.3,1308450.0
2025-12-26,DIXON25DEC12500CE,161.05,339.25,110.6,905750.0
2025-12-26,DIXON25DEC12500PE,116.0,245.0,111.2,1155400.0
2025-12-26,DIXON25DEC12750CE,77.2,200.05,159.1,1127400.0
2025-12-26,DIXON25DEC12750PE,250.6,400.0,59.6,210800.0
2025-12-26,DIXON25DEC13000CE,37.1,106.55,187.2,1496450.0
2025-12-26,DIXON25DEC13000PE,411.9,609.0,47.9,260150.0
2025-12-26,DLF25DEC670PE,0.5,1.0,100.0,293700.0
2025-12-26,DLF25DEC680PE,1.15,2.95,156.5,1470150.0
2025-12-26,DLF25DEC690CE,5.7,10.3,80.7,549450.0
2025-12-26,DLF25DEC690PE,2.85,6.55,129.8,1702800.0
2025-12-26,DLF25DEC700CE,2.35,4.8,104.3,2962575.0
2025-12-26,DLF25DEC700PE,7.35,12.85,74.8,494175.0
2025-12-26,DLF25DEC710CE,1.0,2.05,105.0,2107875.0
2025-12-26,DLF25DEC710PE,14.55,21.05,44.7,85800.0
2025-12-26,DMART25DEC3700PE,2.05,3.8,85.4,101100.0
2025-12-26,DMART25DEC3750CE,55.5,73.4,32.3,5550.0
2025-12-26,DMART25DEC3750PE,5.1,10.55,106.9,107550.0
2025-12-26,DMART25DEC3800CE,21.95,47.15,114.8,277050.0
2025-12-26,DMART25DEC3800PE,14.5,28.45,96.2,83100.0
2025-12-26,DMART25DEC3850CE,9.2,21.8,137.0,257550.0
2025-12-26,DMART25DEC3850PE,39.7,65.4,64.7,13500.0
2025-12-26,DMART25DEC3900CE,4.65,10.5,125.8,291300.0
2025-12-26,DMART25DEC3900PE,78.2,111.2,42.2,16800.0
2025-12-26,DRREDDY25DEC1250CE,14.85,26.05,75.4,106250.0
2025-12-26,DRREDDY25DEC1250PE,0.9,3.15,250.0,947500.0
2025-12-26,DRREDDY25DEC1260CE,7.55,17.9,137.1,642500.0
2025-12-26,DRREDDY25DEC1260PE,2.6,6.0,130.8,1345000.0
2025-12-26,DRREDDY25DEC1270CE,3.4,11.0,223.5,743125.0
2025-12-26,DRREDDY25DEC1270PE,5.25,11.6,121.0,290625.0
2025-12-26,DRREDDY25DEC1280CE,1.65,6.05,266.7,1074375.0
2025-12-26,DRREDDY25DEC1280PE,10.3,19.35,87.9,154375.0
2025-12-26,DRREDDY25DEC1290CE,1.15,3.55,208.7,515625.0
2025-12-26,DRREDDY25DEC1290PE,19.2,27.35,42.4,50625.0
2025-12-26,EICHERMOT25DEC7250CE,58.7,114.95,95.8,94675.0
2025-12-26,EICHERMOT25DEC7250PE,20.3,38.1,87.7,359100.0
2025-12-26,EICHERMOT25DEC7300CE,35.55,80.0,125.0,573650.0
2025-12-26,EICHERMOT25DEC7300PE,34.0,64.1,88.5,572775.0
2025-12-26,EICHERMOT25DEC7350CE,20.5,54.1,163.9,709275.0
2025-12-26,EICHERMOT25DEC7350PE,58.0,98.2,69.3,142450.0
2025-12-26,EICHERMOT25DEC7400CE,11.9,36.7,208.4,767900.0
2025-12-26,EICHERMOT25DEC7400PE,89.65,138.5,54.5,75250.0
2025-12-26,EICHERMOT25DEC7450CE,6.85,22.95,235.0,170450.0
2025-12-26,ETERNAL25DEC275CE,6.05,9.8,62.0,1045175.0
2025-12-26,ETERNAL25DEC275PE,0.4,1.7,325.0,6763325.0
2025-12-26,ETERNAL25DEC280CE,3.0,5.65,88.3,5405325.0
2025-12-26,ETERNAL25DEC280PE,1.25,3.8,204.0,15556375.0
2025-12-26,ETERNAL25DEC285CE,1.1,2.55,131.8,12869475.0
2025-12-26,ETERNAL25DEC285PE,3.1,8.15,162.9,6336525.0
2025-12-26,ETERNAL25DEC290CE,0.65,1.15,76.9,12660925.0
2025-12-26,ETERNAL25DEC290PE,6.7,11.1,65.7,3050650.0
2025-12-26,ETERNAL25DEC295CE,0.3,0.5,66.7,4030350.0
2025-12-26,EXIDEIND25DEC360PE,0.5,0.85,70.0,419400.0
2025-12-26,EXIDEIND25DEC365CE,2.6,5.45,109.6,381600.0
2025-12-26,EXIDEIND25DEC365PE,1.25,2.3,84.0,536400.0
2025-12-26,EXIDEIND25DEC370CE,0.9,2.8,211.1,1486800.0
2025-12-26,EXIDEIND25DEC370PE,3.3,5.4,63.6,594000.0
2025-12-26,EXIDEIND25DEC375CE,0.4,1.25,212.5,700200.0
2025-12-26,FEDERALBNK25DEC257.5CE,4.2,6.3,50.0,700000.0
2025-12-26,FEDERALBNK25DEC257.5PE,0.3,0.65,116.7,2085000.0
2025-12-26,FEDERALBNK25DEC260CE,2.05,4.15,102.4,5460000.0
2025-12-26,FEDERALBNK25DEC260PE,0.65,1.45,123.1,7685000.0
2025-12-26,FEDERALBNK25DEC262.5CE,0.95,2.4,152.6,3640000.0
2025-12-26,FEDERALBNK25DEC262.5PE,1.4,2.9,107.1,3150000.0
2025-12-26,FEDERALBNK25DEC265CE,0.5,1.3,160.0,11885000.0
2025-12-26,FEDERALBNK25DEC265PE,2.85,4.8,68.4,1820000.0
2025-12-26,FEDERALBNK25DEC267.5CE,0.25,0.7,180.0,3035000.0
2025-12-26,FEDERALBNK25DEC267.5PE,4.8,6.95,44.8,475000.0
2025-12-26,FORTIS25DEC880CE,19.35,28.9,49.4,20150.0
2025-12-26,FORTIS25DEC880PE,0.3,0.7,133.3,197625.0
2025-12-26,FORTIS25DEC890CE,10.15,20.35,100.5,68975.0
2025-12-26,FORTIS25DEC890PE,1.0,3.05,205.0,295275.0
2025-12-26,FORTIS25DEC900CE,5.05,12.45,146.5,440975.0
2025-12-26,FORTIS25DEC900PE,3.3,7.85,137.9,349525.0
2025-12-26,FORTIS25DEC910CE,2.65,7.5,183.0,1491100.0
2025-12-26,FORTIS25DEC910PE,8.3,14.9,79.5,55800.0
2025-12-26,FORTIS25DEC920CE,1.2,3.75,212.5,535525.0
2025-12-26,FORTIS25DEC920PE,14.8,23.3,57.4,10850.0
2025-12-26,GAIL25DEC167.5PE,0.2,0.41,105.0,648900.0
2025-12-26,GAIL25DEC170PE,0.82,1.49,81.7,2860200.0
2025-12-26,GAIL25DEC172.5CE,0.6,1.46,143.3,2819250.0
2025-12-26,GAIL25DEC172.5PE,1.96,2.63,34.2,1159200.0
2025-12-26,GAIL25DEC175CE,0.26,0.76,192.3,4126500.0
2025-12-26,GAIL25DEC177.5CE,0.06,0.38,533.3,1830150.0
2025-12-26,GLENMARK25DEC1980CE,25.8,44.35,71.9,23250.0
2025-12-26,GLENMARK25DEC1980PE,1.5,5.3,253.3,255750.0
2025-12-26,GLENMARK25DEC2000CE,11.6,29.3,152.6,306000.0
2025-12-26,GLENMARK25DEC2000PE,4.9,13.3,171.4,374250.0
2025-12-26,GLENMARK25DEC2020CE,4.95,16.95,242.4,383625.0
2025-12-26,GLENMARK25DEC2020PE,14.3,25.3,76.9,176250.0
2025-12-26,GLENMARK25DEC2040CE,2.1,9.5,352.4,713250.0
2025-12-26,GLENMARK25DEC2040PE,26.25,41.35,57.5,67125.0
2025-12-26,GLENMARK25DEC2060CE,0.8,4.9,512.5,503625.0
2025-12-26,GLENMARK25DEC2060PE,42.75,60.0,40.4,66375.0
2025-12-26,GMRAIRPORT25DEC102CE,1.62,2.41,48.8,4931325.0
2025-12-26,GMRAIRPORT25DEC102PE,0.29,0.51,75.9,3620025.0
2025-12-26,GMRAIRPORT25DEC103CE,1.0,1.75,75.0,3062025.0
2025-12-26,GMRAIRPORT25DEC104CE,0.68,1.24,82.4,9590625.0
2025-12-26,GMRAIRPORT25DEC104PE,1.06,1.59,50.0,2036700.0
2025-12-26,GMRAIRPORT25DEC105CE,0.46,0.88,91.3,15170625.0
2025-12-26,GMRAIRPORT25DEC105PE,1.7,2.35,38.2,760275.0
2025-12-26,GMRAIRPORT25DEC106CE,0.29,0.58,100.0,7839900.0
2025-12-26,GMRAIRPORT25DEC106PE,2.33,3.07,31.8,104625.0
2025-12-26,GODREJCP25DEC1160PE,0.7,1.35,92.9,73500.0
2025-12-26,GODREJCP25DEC1180CE,15.7,25.75,64.0,44500.0
2025-12-26,GODREJCP25DEC1180PE,1.95,4.5,130.8,254000.0
2025-12-26,GODREJCP25DEC1200CE,4.95,11.35,129.3,623500.0
2025-12-26,GODREJCP25DEC1200PE,6.5,14.95,130.0,155000.0
2025-12-26,GODREJCP25DEC1220CE,0.9,3.45,283.3,544000.0
2025-12-26,GODREJCP25DEC1220PE,19.45,25.4,30.6,19000.0
2025-12-26,GODREJCP25DEC1240CE,0.55,0.9,63.6,162000.0
2025-12-26,GODREJPROP25DEC1960CE,47.45,63.05,32.9,9350.0
2025-12-26,GODREJPROP25DEC1960PE,2.2,5.5,150.0,84150.0
2025-12-26,GODREJPROP25DEC1980PE,4.8,11.15,132.3,47850.0
2025-12-26,GODREJPROP25DEC2000CE,18.9,31.0,64.0,277200.0
2025-12-26,GODREJPROP25DEC2000PE,9.75,20.8,113.3,287925.0
2025-12-26,GODREJPROP25DEC2020CE,10.8,20.2,87.0,374000.0
2025-12-26,GODREJPROP25DEC2020PE,18.7,32.75,75.1,54175.0
2025-12-26,GODREJPROP25DEC2040CE,7.0,12.8,82.9,245850.0
2025-12-26,GODREJPROP25DEC2040PE,31.5,46.0,46.0,48400.0
2025-12-26,GRASIM25DEC2780PE,2.2,5.55,152.3,97250.0
2025-12-26,GRASIM25DEC2800CE,26.4,45.55,72.5,88000.0
2025-12-26,GRASIM25DEC2800PE,4.25,11.3,165.9,197750.0
2025-12-26,GRASIM25DEC2820CE,15.35,29.9,94.8,70000.0
2025-12-26,GRASIM25DEC2820PE,8.55,21.0,145.6,156750.0
2025-12-26,GRASIM25DEC2840CE,7.4,18.4,148.6,472000.0
2025-12-26,GRASIM25DEC2840PE,16.35,33.1,102.4,81500.0
2025-12-26,GRASIM25DEC2860CE,3.6,10.2,183.3,168750.0
2025-12-26,HAL25DEC4350CE,92.45,128.4,38.9,82800.0
2025-12-26,HAL25DEC4350PE,4.25,11.4,168.2,783150.0
2025-12-26,HAL25DEC4400CE,54.2,85.15,57.1,552000.0
2025-12-26,HAL25DEC4400PE,10.7,21.95,105.1,763050.0
2025-12-26,HAL25DEC4450CE,28.65,51.1,78.4,1420650.0
2025-12-26,HAL25DEC4450PE,25.65,48.95,90.8,841950.0
2025-12-26,HAL25DEC4500CE,14.0,28.5,103.6,2669550.0
2025-12-26,HAL25DEC4500PE,53.35,81.6,53.0,398850.0
2025-12-26,HAL25DEC4550CE,8.25,16.0,93.9,967500.0
2025-12-26,HAL25DEC4550PE,90.5,122.15,35.0,50700.0
2025-12-26,HAVELLS25DEC1380PE,0.4,0.9,125.0,101000.0
2025-12-26,HAVELLS25DEC1400CE,26.85,37.5,39.7,28500.0
2025-12-26,HAVELLS25DEC1400PE,1.3,3.0,130.8,150000.0
2025-12-26,HAVELLS25DEC1420CE,11.9,20.25,70.2,105000.0
2025-12-26,HAVELLS25DEC1420PE,4.0,7.85,96.2,277500.0
2025-12-26,HAVELLS25DEC1440CE,4.65,9.5,104.3,481000.0
2025-12-26,HAVELLS25DEC1440PE,12.4,21.15,70.6,113000.0
2025-12-26,HAVELLS25DEC1460CE,1.65,3.5,112.1,235500.0
2025-12-26,HAVELLS25DEC1460PE,27.5,36.9,34.2,15500.0
2025-12-26,HCLTECH25DEC1620CE,33.45,54.0,61.4,15400.0
2025-12-26,HCLTECH25DEC1620PE,0.75,2.4,220.0,193200.0
2025-12-26,HCLTECH25DEC1640CE,18.2,35.6,95.6,403200.0
2025-12-26,HCLTECH25DEC1640PE,1.8,7.0,288.9,1045800.0
2025-12-26,HCLTECH25DEC1660CE,7.6,18.6,144.7,661850.0
2025-12-26,HCLTECH25DEC1660PE,4.9,16.2,230.6,725900.0
2025-12-26,HCLTECH25DEC1680CE,3.35,9.1,171.6,1170050.0
2025-12-26,HCLTECH25DEC1680PE,14.8,31.85,115.2,159250.0
2025-12-26,HCLTECH25DEC1700CE,1.2,2.9,141.7,843500.0
2025-12-26,HCLTECH25DEC1700PE,29.55,48.45,64.0,79800.0
2025-12-26,HDFCAMC25DEC2640PE,9.5,18.05,90.0,73500.0
2025-12-26,HDFCAMC25DEC2650CE,22.05,36.35,64.9,136800.0
2025-12-26,HDFCAMC25DEC2650PE,12.0,22.6,88.3,203400.0
2025-12-26,HDFCAMC25DEC2660CE,17.55,30.25,72.4,187500.0
2025-12-26,HDFCAMC25DEC2660PE,15.5,28.3,82.6,101700.0
2025-12-26,HDFCAMC25DEC2675CE,12.25,21.65,76.7,207600.0
2025-12-26,HDFCAMC25DEC2675PE,22.5,37.8,68.0,26700.0
2025-12-26,HDFCAMC25DEC2680CE,11.15,19.0,70.4,72600.0
2025-12-26,HDFCAMC25DEC2680PE,25.05,41.2,64.5,34800.0
2025-12-26,HDFCBANK25DEC1000CE,2.55,5.0,96.1,9448450.0
2025-12-26,HDFCBANK25DEC1000PE,7.3,14.4,97.3,2135650.0
2025-12-26,HDFCBANK25DEC1005CE,1.85,3.0,62.2,4670050.0
2025-12-26,HDFCBANK25DEC1005PE,10.65,18.65,75.1,880000.0
2025-12-26,HDFCBANK25DEC985CE,6.9,14.0,102.9,814000.0
2025-12-26,HDFCBANK25DEC985PE,1.65,3.8,130.3,3299450.0
2025-12-26,HDFCBANK25DEC990CE,4.8,10.25,113.5,3821400.0
2025-12-26,HDFCBANK25DEC990PE,2.75,6.65,141.8,6806250.0
2025-12-26,HDFCBANK25DEC995CE,3.35,7.0,109.0,4217950.0
2025-12-26,HDFCBANK25DEC995PE,4.5,10.2,126.7,2656500.0
2025-12-26,HDFCLIFE25DEC730PE,0.2,0.45,125.0,102300.0
2025-12-26,HDFCLIFE25DEC740PE,0.75,1.3,73.3,334400.0
2025-12-26,HDFCLIFE25DEC750CE,4.5,7.65,70.0,294800.0
2025-12-26,HDFCLIFE25DEC750PE,2.55,4.65,82.4,733700.0
2025-12-26,HDFCLIFE25DEC760CE,1.7,3.1,82.4,1579600.0
2025-12-26,HDFCLIFE25DEC760PE,7.9,11.9,50.6,309100.0
2025-12-26,HDFCLIFE25DEC770CE,0.75,1.4,86.7,1350800.0
2025-12-26,HEROMOTOCO25DEC5550CE,100.9,167.2,65.7,10800.0
2025-12-26,HEROMOTOCO25DEC5550PE,3.5,8.0,128.6,293250.0
2025-12-26,HEROMOTOCO25DEC5600CE,60.5,121.0,100.0,23850.0
2025-12-26,HEROMOTOCO25DEC5600PE,8.35,17.05,104.2,593400.0
2025-12-26,HEROMOTOCO25DEC5650PE,17.9,38.55,115.4,534450.0
2025-12-26,HEROMOTOCO25DEC5700CE,15.15,51.1,237.3,615450.0
2025-12-26,HEROMOTOCO25DEC5700PE,33.8,71.2,110.7,484050.0
2025-12-26,HEROMOTOCO25DEC5750CE,7.6,29.1,282.9,550800.0
2025-12-26,HEROMOTOCO25DEC5750PE,63.9,112.85,76.6,78000.0
2025-12-26,HFCL25DEC62CE,1.78,2.84,59.6,316050.0
2025-12-26,HFCL25DEC62PE,0.18,0.68,277.8,438600.0
2025-12-26,HFCL25DEC63CE,1.45,2.13,46.9,387000.0
2025-12-26,HFCL25DEC63PE,0.35,1.15,228.6,1483500.0
2025-12-26,HFCL25DEC64CE,1.06,1.66,56.6,1161000.0
2025-12-26,HFCL25DEC64PE,0.68,1.75,157.4,2844450.0
2025-12-26,HFCL25DEC65CE,0.6,1.07,78.3,7294950.0
2025-12-26,HFCL25DEC65PE,1.22,2.41,97.5,2089800.0
2025-12-26,HFCL25DEC66CE,0.35,0.77,120.0,2721900.0
2025-12-26,HFCL25DEC66PE,1.68,3.34,98.8,864300.0
2025-12-26,HINDALCO25DEC850CE,14.25,25.0,75.4,666400.0
2025-12-26,HINDALCO25DEC850PE,1.15,3.3,187.0,1874600.0
2025-12-26,HINDALCO25DEC860CE,7.75,16.45,112.3,2126600.0
2025-12-26,HINDALCO25DEC860PE,2.4,7.0,191.7,3697400.0
2025-12-26,HINDALCO25DEC870CE,3.75,9.4,150.7,6990200.0
2025-12-26,HINDALCO25DEC870PE,5.45,13.0,138.5,1999900.0
2025-12-26,HINDALCO25DEC880CE,1.35,4.6,240.7,7093100.0
2025-12-26,HINDALCO25DEC880PE,10.6,20.7,95.3,686000.0
2025-12-26,HINDALCO25DEC890CE,0.6,2.0,233.3,4576600.0
2025-12-26,HINDALCO25DEC890PE,18.15,29.8,64.2,331800.0
2025-12-26,HINDPETRO25DEC455CE,10.85,15.8,45.6,46575.0
2025-12-26,HINDPETRO25DEC455PE,0.5,0.95,90.0,182250.0
2025-12-26,HINDPETRO25DEC460CE,6.85,11.0,60.6,439425.0
2025-12-26,HINDPETRO25DEC465CE,3.8,7.5,97.4,437400.0
2025-12-26,HINDPETRO25DEC465PE,2.0,4.1,105.0,1028700.0
2025-12-26,HINDPETRO25DEC470CE,2.0,4.8,140.0,2442150.0
2025-12-26,HINDPETRO25DEC470PE,3.95,7.15,81.0,1087425.0
2025-12-26,HINDPETRO25DEC475CE,0.95,2.3,142.1,888975.0
2025-12-26,HINDPETRO25DEC475PE,6.55,11.15,70.2,411075.0
2025-12-26,HINDUNILVR25DEC2240PE,0.75,2.2,193.3,413400.0
2025-12-26,HINDUNILVR25DEC2260CE,20.95,29.7,41.8,160200.0
2025-12-26,HINDUNILVR25DEC2260PE,1.85,5.8,213.5,591300.0
2025-12-26,HINDUNILVR25DEC2280CE,8.8,14.3,62.5,342000.0
2025-12-26,HINDUNILVR25DEC2280PE,6.15,13.5,119.5,296400.0
2025-12-26,HINDUNILVR25DEC2300CE,1.3,6.0,361.5,1270200.0
2025-12-26,HINDUNILVR25DEC2300PE,17.0,27.75,63.2,246000.0
2025-12-26,HINDUNILVR25DEC2320CE,1.4,2.7,92.9,573000.0
2025-12-26,HINDUNILVR25DEC2320PE,33.95,44.45,30.9,33900.0
2025-12-26,HINDZINC25DEC630CE,8.2,17.45,112.8,12731425.0
2025-12-26,HINDZINC25DEC630PE,1.15,9.75,747.8,7844900.0
2025-12-26,HINDZINC25DEC635CE,8.35,14.0,67.7,5861625.0
2025-12-26,HINDZINC25DEC635PE,5.35,9.15,71.0,4934300.0
2025-12-26,HINDZINC25DEC640CE,6.4,17.0,165.6,27354250.0
2025-12-26,HINDZINC25DEC640PE,7.2,12.2,69.4,5915525.0
2025-12-26,HINDZINC25DEC645CE,4.7,9.2,95.7,16576700.0
2025-12-26,HINDZINC25DEC645PE,11.0,15.6,41.8,694575.0
2025-12-26,HINDZINC25DEC650CE,3.45,7.0,102.9,25623325.0
2025-12-26,HINDZINC25DEC650PE,14.45,19.05,31.8,1560650.0
2025-12-26,HUDCO25DEC215CE,2.5,7.85,214.0,1251525.0
2025-12-26,HUDCO25DEC215PE,0.16,1.45,806.2,2583525.0
2025-12-26,HUDCO25DEC217.5CE,1.24,5.67,357.3,1640025.0
2025-12-26,HUDCO25DEC217.5PE,0.42,1.65,292.9,2336550.0
2025-12-26,HUDCO25DEC220CE,0.61,3.97,550.8,7936500.0
2025-12-26,HUDCO25DEC220PE,1.14,3.96,247.4,2883225.0
2025-12-26,HUDCO25DEC222.5CE,0.7,2.65,278.6,8225100.0
2025-12-26,HUDCO25DEC222.5PE,2.26,3.09,36.7,258075.0
2025-12-26,HUDCO25DEC225CE,0.22,1.69,668.2,12715050.0
2025-12-26,HUDCO25DEC225PE,3.82,7.37,92.9,480075.0
2025-12-26,ICICIBANK25DEC1340CE,14.3,22.6,58.0,201600.0
2025-12-26,ICICIBANK25DEC1340PE,1.3,2.75,111.5,2010400.0
2025-12-26,ICICIBANK25DEC1350CE,7.5,14.85,98.0,1484700.0
2025-12-26,ICICIBANK25DEC1350PE,2.5,6.1,144.0,3437000.0
2025-12-26,ICICIBANK25DEC1360CE,3.9,7.95,103.8,4420500.0
2025-12-26,ICICIBANK25DEC1360PE,4.65,12.5,168.8,2417100.0
2025-12-26,ICICIBANK25DEC1370CE,2.1,4.85,131.0,5188400.0
2025-12-26,ICICIBANK25DEC1370PE,12.0,20.4,70.0,357700.0
2025-12-26,ICICIBANK25DEC1380CE,0.95,1.7,78.9,3719100.0
2025-12-26,ICICIBANK25DEC1380PE,20.25,29.6,46.2,710500.0
2025-12-26,ICICIGI25DEC1940CE,12.45,24.95,100.4,8450.0
2025-12-26,ICICIGI25DEC1940PE,5.0,12.5,150.0,36075.0
2025-12-26,ICICIGI25DEC1960CE,5.4,13.7,153.7,78975.0
2025-12-26,ICICIGI25DEC1900PE,0.9,2.2,144.4,48425.0
2025-12-26,ICICIGI25DEC1920PE,2.5,5.15,106.0,22425.0
2025-12-26,ICICIGI25DEC1960PE,13.0,25.3,94.6,24375.0
2025-12-26,ICICIGI25DEC1980CE,2.5,5.3,112.0,24700.0
2025-12-26,ICICIPRULI25DEC640CE,8.3,14.5,74.7,46250.0
2025-12-26,ICICIPRULI25DEC640PE,0.6,1.95,225.0,148925.0
2025-12-26,ICICIPRULI25DEC645CE,5.0,9.75,95.0,36075.0
2025-12-26,ICICIPRULI25DEC645PE,1.2,3.65,204.2,222925.0
2025-12-26,ICICIPRULI25DEC650CE,2.75,7.0,154.5,466200.0
2025-12-26,ICICIPRULI25DEC650PE,2.2,6.3,186.4,322825.0
2025-12-26,ICICIPRULI25DEC655CE,1.5,4.4,193.3,363525.0
2025-12-26,ICICIPRULI25DEC655PE,5.35,9.5,77.6,20350.0
2025-12-26,ICICIPRULI25DEC660CE,0.75,2.4,220.0,371850.0
2025-12-26,IDEA25DEC10PE,0.01,0.02,100.0,55321650.0
2025-12-26,IDEA25DEC11PE,0.02,0.04,100.0,101280075.0
2025-12-26,IDEA25DEC12CE,0.13,0.26,100.0,276250875.0
2025-12-26,IDEA25DEC12PE,0.13,0.26,100.0,161819400.0
2025-12-26,IDEA25DEC13CE,0.03,0.07,133.3,256881150.0
2025-12-26,IDEA25DEC14CE,0.01,0.02,100.0,32949975.0
2025-12-26,IDFCFIRSTB25DEC83CE,1.57,2.36,50.3,1400525.0
2025-12-26,IDFCFIRSTB25DEC83PE,0.06,0.18,200.0,5500075.0
2025-12-26,IDFCFIRSTB25DEC84CE,0.85,1.48,74.1,3515225.0
2025-12-26,IDFCFIRSTB25DEC84PE,0.15,0.5,233.3,10870300.0
2025-12-26,IDFCFIRSTB25DEC85CE,0.35,0.74,111.4,17362800.0
2025-12-26,IDFCFIRSTB25DEC85PE,0.4,0.91,127.5,7596225.0
2025-12-26,IDFCFIRSTB25DEC86CE,0.15,0.32,113.3,13244700.0
2025-12-26,IDFCFIRSTB25DEC86PE,0.96,1.77,84.4,992425.0
2025-12-26,IDFCFIRSTB25DEC87CE,0.07,0.11,57.1,6492500.0
2025-12-26,IEX25DEC132.5CE,2.63,4.52,71.9,551250.0
2025-12-26,IEX25DEC132.5PE,0.24,2.19,812.5,10492500.0
2025-12-26,IEX25DEC135CE,1.24,3.2,158.1,3566250.0
2025-12-26,IEX25DEC135PE,0.87,3.4,290.8,16657500.0
2025-12-26,IEX25DEC137.5CE,0.61,1.5,145.9,10038750.0
2025-12-26,IEX25DEC137.5PE,1.88,5.0,166.0,3041250.0
2025-12-26,IEX25DEC140CE,0.3,0.8,166.7,18607500.0
2025-12-26,IEX25DEC140PE,3.6,7.03,95.3,2681250.0
2025-12-26,IEX25DEC142.5CE,0.11,0.35,218.2,4413750.0
2025-12-26,IEX25DEC142.5PE,5.82,9.15,57.2,618750.0
2025-12-26,IIFL25DEC580CE,16.7,26.0,55.7,136950.0
2025-12-26,IIFL25DEC580PE,1.2,2.5,108.3,1168200.0
2025-12-26,IIFL25DEC590CE,9.35,18.5,97.9,417450.0
2025-12-26,IIFL25DEC590PE,2.15,5.3,146.5,1473450.0
2025-12-26,IIFL25DEC600CE,4.55,11.3,148.4,3700950.0
2025-12-26,IIFL25DEC600PE,4.75,10.75,126.3,1359600.0
2025-12-26,IIFL25DEC610CE,2.0,6.55,227.5,5680950.0
2025-12-26,IIFL25DEC610PE,10.8,18.2,68.5,90750.0
2025-12-26,IIFL25DEC620CE,0.8,3.4,325.0,3377550.0
2025-12-26,INDHOTEL25DEC720PE,0.5,0.95,90.0,286000.0
2025-12-26,INDHOTEL25DEC730CE,9.4,14.6,55.3,208000.0
2025-12-26,INDHOTEL25DEC730PE,1.25,2.6,108.0,522000.0
2025-12-26,INDHOTEL25DEC740CE,4.0,7.55,88.8,919000.0
2025-12-26,INDHOTEL25DEC740PE,4.0,6.55,63.7,347000.0
2025-12-26,INDHOTEL25DEC750CE,1.7,3.65,114.7,1097000.0
2025-12-26,INDHOTEL25DEC750PE,10.2,14.25,39.7,106000.0
2025-12-26,INDHOTEL25DEC760CE,0.65,1.5,130.8,390000.0
2025-12-26,INDIANB25DEC770CE,9.55,13.3,39.3,31000.0
2025-12-26,INDIANB25DEC770PE,2.1,4.75,126.2,188000.0
2025-12-26,INDIANB25DEC780CE,4.1,8.8,114.6,593000.0
2025-12-26,INDIANB25DEC780PE,5.7,10.0,75.4,92000.0
2025-12-26,INDIANB25DEC790CE,2.0,3.8,90.0,467000.0
2025-12-26,INDIANB25DEC790PE,11.8,16.0,35.6,24000.0
2025-12-26,INDIANB25DEC800CE,0.9,1.95,116.7,346000.0
2025-12-26,INDIGO25DEC4950CE,93.35,154.9,65.9,110850.0
2025-12-26,INDIGO25DEC4950PE,4.1,7.8,90.2,961650.0
2025-12-26,INDIGO25DEC5000CE,50.0,111.6,123.2,464550.0
2025-12-26,INDIGO25DEC5000PE,7.65,16.2,111.8,2883450.0
2025-12-26,INDIGO25DEC5050CE,21.0,68.2,224.8,966900.0
2025-12-26,INDIGO25DEC5050PE,14.45,36.4,151.9,1806450.0
2025-12-26,INDIGO25DEC5100CE,9.2,34.0,269.6,2059500.0
2025-12-26,INDIGO25DEC5100PE,28.65,73.65,157.1,838650.0
2025-12-26,INDIGO25DEC5150CE,4.55,16.5,262.6,1039500.0
2025-12-26,INDIGO25DEC5150PE,61.7,117.75,90.8,194550.0
2025-12-26,INDUSINDBK25DEC830CE,13.5,29.85,121.1,294000.0
2025-12-26,INDUSINDBK25DEC830PE,1.6,5.8,262.5,1559600.0
2025-12-26,INDUSINDBK25DEC840CE,6.75,23.0,240.7,909300.0
2025-12-26,INDUSINDBK25DEC840PE,2.95,9.6,225.4,5575500.0
2025-12-26,INDUSINDBK25DEC850CE,4.0,14.7,267.5,2370900.0
2025-12-26,INDUSINDBK25DEC850PE,5.1,15.6,205.9,2599100.0
2025-12-26,INDUSINDBK25DEC860CE,1.7,8.75,414.7,4711000.0
2025-12-26,INDUSINDBK25DEC860PE,9.1,23.55,158.8,623700.0
2025-12-26,INDUSINDBK25DEC870CE,1.0,4.65,365.0,2338700.0
2025-12-26,INDUSINDBK25DEC870PE,15.25,32.55,113.4,234500.0
2025-12-26,INDUSTOWER25DEC415CE,6.35,11.85,86.6,309400.0
2025-12-26,INDUSTOWER25DEC415PE,0.6,1.0,66.7,1519800.0
2025-12-26,INDUSTOWER25DEC420CE,3.15,8.25,161.9,3595500.0
2025-12-26,INDUSTOWER25DEC420PE,1.1,2.85,159.1,3352400.0
2025-12-26,INDUSTOWER25DEC425CE,1.55,5.5,254.8,3799500.0
2025-12-26,INDUSTOWER25DEC425PE,3.35,6.1,82.1,1230800.0
2025-12-26,INDUSTOWER25DEC430CE,0.7,3.45,392.9,7174000.0
2025-12-26,INDUSTOWER25DEC430PE,6.4,10.25,60.2,482800.0
2025-12-26,INDUSTOWER25DEC435CE,0.3,1.85,516.7,2189600.0
2025-12-26,INFY25DEC1620CE,32.5,44.4,36.6,430400.0
2025-12-26,INFY25DEC1620PE,0.3,1.3,333.3,2776800.0
2025-12-26,INFY25DEC1640CE,14.7,26.8,82.3,2102800.0
2025-12-26,INFY25DEC1640PE,1.05,3.05,190.5,4947200.0
2025-12-26,INFY25DEC1660CE,5.3,13.0,145.3,4130800.0
2025-12-26,INFY25DEC1660PE,7.25,13.3,83.4,2809200.0
2025-12-26,INFY25DEC1680CE,1.8,5.5,205.6,9278000.0
2025-12-26,INFY25DEC1700CE,0.55,2.0,263.6,5332000.0
2025-12-26,INFY25DEC1700PE,36.65,48.8,33.2,260800.0
2025-12-26,INOXWIND25DEC122.5CE,4.64,6.65,43.3,111248.0
2025-12-26,INOXWIND25DEC122.5PE,0.08,0.23,187.5,513704.0
2025-12-26,INOXWIND25DEC125CE,2.2,4.25,93.2,880168.0
2025-12-26,INOXWIND25DEC125PE,0.26,0.59,126.9,677304.0
2025-12-26,INOXWIND25DEC127.5CE,1.01,2.4,137.6,1429864.0
2025-12-26,INOXWIND25DEC127.5PE,0.85,1.74,104.7,579144.0
2025-12-26,INOXWIND25DEC130CE,0.46,1.25,171.7,3870776.0
2025-12-26,INOXWIND25DEC130PE,2.05,3.76,83.4,746016.0
2025-12-26,INOXWIND25DEC132.5CE,0.12,0.55,358.3,1200824.0
2025-12-26,IOC25DEC158CE,2.3,3.02,31.3,287625.0
2025-12-26,IOC25DEC158PE,0.17,0.49,188.2,2266875.0
2025-12-26,IOC25DEC159CE,1.57,3.06,94.9,541125.0
2025-12-26,IOC25DEC159PE,0.27,0.85,214.8,1989000.0
2025-12-26,IOC25DEC160CE,1.07,2.5,133.6,2408250.0
2025-12-26,IOC25DEC160PE,0.43,1.3,202.3,4509375.0
2025-12-26,IOC25DEC161CE,0.74,1.77,139.2,3032250.0
2025-12-26,IOC25DEC161PE,0.71,1.94,173.2,1355250.0
2025-12-26,IOC25DEC162CE,0.52,1.26,142.3,4962750.0
2025-12-26,IOC25DEC162PE,1.2,2.72,126.7,745875.0
2025-12-26,IRCTC25DEC690CE,1.6,25.6,1500.0,7434875.0
2025-12-26,IRCTC25DEC690PE,1.35,9.1,574.1,2499000.0
2025-12-26,IRCTC25DEC695CE,1.05,21.2,1919.0,5225500.0
2025-12-26,IRCTC25DEC695PE,1.95,14.0,617.9,1258250.0
2025-12-26,IRCTC25DEC700CE,0.7,17.35,2378.6,19766250.0
2025-12-26,IRCTC25DEC700PE,3.1,17.15,453.2,4003125.0
2025-12-26,IRCTC25DEC705CE,0.6,14.0,2233.3,6884500.0
2025-12-26,IRCTC25DEC705PE,4.65,19.0,308.6,1706250.0
2025-12-26,IRCTC25DEC710CE,0.35,11.35,3142.9,20119750.0
2025-12-26,IRCTC25DEC710PE,7.0,25.05,257.9,1350125.0
2025-12-26,IREDA25DEC137.5CE,1.66,6.02,262.7,741750.0
2025-12-26,IREDA25DEC137.5PE,0.19,0.89,368.4,3425850.0
2025-12-26,IREDA25DEC140CE,0.35,4.05,1057.1,15576750.0
2025-12-26,IREDA25DEC140PE,0.52,1.89,263.5,6282450.0
2025-12-26,IREDA25DEC142.5CE,0.24,2.49,937.5,27092850.0
2025-12-26,IREDA25DEC142.5PE,1.44,4.49,211.8,1859550.0
2025-12-26,IREDA25DEC145CE,0.12,1.49,1141.7,40320150.0
2025-12-26,IREDA25DEC145PE,2.93,6.85,133.8,1024650.0
2025-12-26,IREDA25DEC147.5CE,0.16,0.91,468.8,7282950.0
2025-12-26,IRFC25DEC129CE,0.33,5.35,1521.2,28657750.0
2025-12-26,IRFC25DEC129PE,0.95,2.39,151.6,7169750.0
2025-12-26,IRFC25DEC130CE,0.2,4.67,2235.0,99564750.0
2025-12-26,IRFC25DEC130PE,1.3,5.25,303.8,18848750.0
2025-12-26,IRFC25DEC131CE,0.18,4.02,2133.3,36766750.0
2025-12-26,IRFC25DEC131PE,1.6,5.3,231.2,9851500.0
2025-12-26,IRFC25DEC132CE,0.2,3.48,1640.0,70537250.0
2025-12-26,IRFC25DEC132PE,2.1,3.77,79.5,7352500.0
2025-12-26,IRFC25DEC133CE,0.13,3.0,2207.7,55211750.0
2025-12-26,IRFC25DEC133PE,2.65,5.19,95.8,1355750.0
2025-12-26,ITC25DEC400CE,4.7,7.2,53.2,1401600.0
2025-12-26,ITC25DEC400PE,0.3,0.5,66.7,3249600.0
2025-12-26,ITC25DEC402.5CE,2.65,4.95,86.8,964800.0
2025-12-26,ITC25DEC402.5PE,0.55,0.95,72.7,2827200.0
2025-12-26,ITC25DEC405CE,1.2,3.1,158.3,6240000.0
2025-12-26,ITC25DEC405PE,1.25,2.0,60.0,3832000.0
2025-12-26,ITC25DEC407.5CE,0.5,1.85,270.0,3809600.0
2025-12-26,ITC25DEC407.5PE,2.4,3.9,62.5,742400.0
2025-12-26,ITC25DEC410CE,0.4,0.95,137.5,7323200.0
2025-12-26,ITC25DEC410PE,4.2,6.15,46.4,1875200.0
2025-12-26,JINDALSTEL25DEC1000CE,3.05,8.25,170.5,1423125.0
2025-12-26,JINDALSTEL25DEC1000PE,9.3,16.65,79.0,658750.0
2025-12-26,JINDALSTEL25DEC1010CE,1.65,4.55,175.8,761250.0
2025-12-26,JINDALSTEL25DEC1010PE,16.3,25.55,56.7,83750.0
2025-12-26,JINDALSTEL25DEC970PE,1.15,2.2,91.3,281250.0
2025-12-26,JINDALSTEL25DEC980CE,11.6,21.0,81.0,49375.0
2025-12-26,JINDALSTEL25DEC980PE,2.1,4.45,111.9,878750.0
2025-12-26,JINDALSTEL25DEC990CE,6.1,13.95,128.7,565625.0
2025-12-26,JINDALSTEL25DEC990PE,4.85,9.4,93.8,941250.0
2025-12-26,JIOFIN25DEC290CE,7.5,10.4,38.7,1231400.0
2025-12-26,JIOFIN25DEC290PE,0.35,0.5,42.9,1950500.0
2025-12-26,JIOFIN25DEC295PE,1.0,1.75,75.0,2411100.0
2025-12-26,JIOFIN25DEC300CE,2.0,3.0,50.0,8436500.0
2025-12-26,JIOFIN25DEC300PE,2.9,4.85,67.2,2385250.0
2025-12-26,JIOFIN25DEC305CE,1.0,1.6,60.0,20379200.0
2025-12-26,JIOFIN25DEC305PE,6.5,9.1,40.0,911800.0
2025-12-26,JIOFIN25DEC310CE,0.55,0.8,45.5,6979500.0
2025-12-26,JSWENERGY25DEC460PE,0.15,0.3,100.0,172000.0
2025-12-26,JSWENERGY25DEC470CE,11.85,16.7,40.9,56000.0
2025-12-26,JSWENERGY25DEC470PE,0.35,0.65,85.7,350000.0
2025-12-26,JSWENERGY25DEC480CE,4.7,8.5,80.9,596000.0
2025-12-26,JSWENERGY25DEC480PE,2.0,4.45,122.5,712000.0
2025-12-26,JSWENERGY25DEC490CE,1.8,3.6,100.0,1759000.0
2025-12-26,JSWENERGY25DEC490PE,7.0,10.3,47.1,192000.0
2025-12-26,JSWENERGY25DEC500CE,0.9,1.7,88.9,814000.0
2025-12-26,JSWSTEEL25DEC1070CE,18.85,30.3,60.7,29700.0
2025-12-26,JSWSTEEL25DEC1070PE,0.95,2.9,205.3,593325.0
2025-12-26,JSWSTEEL25DEC1080CE,8.15,21.3,161.3,300375.0
2025-12-26,JSWSTEEL25DEC1080PE,2.1,6.45,207.1,1366200.0
2025-12-26,JSWSTEEL25DEC1090CE,4.1,14.1,243.9,1251450.0
2025-12-26,JSWSTEEL25DEC1090PE,4.7,12.3,161.7,1034100.0
2025-12-26,JSWSTEEL25DEC1100CE,1.95,8.75,348.7,2932200.0
2025-12-26,JSWSTEEL25DEC1100PE,9.25,20.25,118.9,1173150.0
2025-12-26,JSWSTEEL25DEC1110CE,0.85,4.7,452.9,1475550.0
2025-12-26,JSWSTEEL25DEC1110PE,15.5,28.5,83.9,103275.0
2025-12-26,JUBLFOOD25DEC540PE,0.15,1.0,566.7,316250.0
2025-12-26,JUBLFOOD25DEC550CE,8.1,15.0,85.2,102500.0
2025-12-26,JUBLFOOD25DEC550PE,0.55,3.5,536.4,850000.0
2025-12-26,JUBLFOOD25DEC560CE,2.95,6.75,128.8,730000.0
2025-12-26,JUBLFOOD25DEC560PE,1.8,8.25,358.3,977500.0
2025-12-26,JUBLFOOD25DEC570CE,1.1,2.55,131.8,2400000.0
2025-12-26,JUBLFOOD25DEC570PE,7.55,14.9,97.4,166250.0
2025-12-26,JUBLFOOD25DEC580CE,0.35,0.75,114.3,957500.0
2025-12-26,JUBLFOOD25DEC580PE,15.85,25.0,57.7,56250.0
2025-12-26,KAYNES25DEC3900PE,7.7,17.25,124.0,391500.0
2025-12-26,KAYNES25DEC4000CE,121.95,182.05,49.3,56200.0
2025-12-26,KAYNES25DEC4000PE,15.55,32.1,106.4,602000.0
2025-12-26,KAYNES25DEC4100CE,59.3,107.05,80.5,301100.0
2025-12-26,KAYNES25DEC4100PE,40.0,74.35,85.9,546000.0
2025-12-26,KAYNES25DEC4200CE,26.6,56.0,110.5,908800.0
2025-12-26,KAYNES25DEC4200PE,90.55,135.2,49.3,176400.0
2025-12-26,KAYNES25DEC4300CE,11.65,28.5,144.6,733700.0
2025-12-26,KAYNES25DEC4300PE,163.55,217.45,33.0,19400.0
2025-12-26,KEI25DEC4300CE,73.8,165.0,123.6,6475.0
2025-12-26,KEI25DEC4300PE,3.15,11.35,260.3,154700.0
2025-12-26,KEI25DEC4350CE,40.0,120.3,200.7,12950.0
2025-12-26,KEI25DEC4350PE,5.55,29.8,436.9,118300.0
2025-12-26,KEI25DEC4400CE,17.25,81.9,374.8,285950.0
2025-12-26,KEI25DEC4400PE,20.05,57.4,186.3,123375.0
2025-12-26,KEI25DEC4450CE,8.8,53.3,505.7,153825.0
2025-12-26,KEI25DEC4450PE,40.45,97.15,140.2,46725.0
2025-12-26,KEI25DEC4500CE,5.95,31.35,426.9,196175.0
2025-12-26,KEI25DEC4500PE,106.2,138.6,30.5,5775.0
2025-12-26,KFINTECH25DEC1040PE,0.3,1.0,233.3,219600.0
2025-12-26,KFINTECH25DEC1060CE,28.25,37.0,31.0,48150.0
2025-12-26,KFINTECH25DEC1060PE,0.6,2.7,350.0,436500.0
2025-12-26,KFINTECH25DEC1080CE,13.1,20.8,58.8,181800.0
2025-12-26,KFINTECH25DEC1080PE,2.8,8.8,214.3,616050.0
2025-12-26,KFINTECH25DEC1100CE,4.2,9.45,125.0,951750.0
2025-12-26,KFINTECH25DEC1100PE,10.8,19.15,77.3,94950.0
2025-12-26,KFINTECH25DEC1120CE,1.7,3.9,129.4,522000.0
2025-12-26,KFINTECH25DEC1120PE,26.9,36.0,33.8,24300.0
2025-12-26,KOTAKBANK25DEC2120CE,35.55,48.5,36.4,214400.0
2025-12-26,KOTAKBANK25DEC2120PE,0.75,1.4,86.7,478000.0
2025-12-26,KOTAKBANK25DEC2140CE,17.55,29.85,70.1,870400.0
2025-12-26,KOTAKBANK25DEC2140PE,2.25,4.1,82.2,1391200.0
2025-12-26,KOTAKBANK25DEC2160CE,6.3,14.6,131.7,1365200.0
2025-12-26,KOTAKBANK25DEC2160PE,6.95,13.15,89.2,1089600.0
2025-12-26,KOTAKBANK25DEC2180CE,2.5,6.6,164.0,2021600.0
2025-12-26,KOTAKBANK25DEC2180PE,18.7,28.9,54.5,594400.0
2025-12-26,KOTAKBANK25DEC2200CE,1.15,3.0,160.9,1994000.0
2025-12-26,KOTAKBANK25DEC2200PE,34.9,47.9,37.2,220800.0
2025-12-26,KPITTECH25DEC1180CE,39.35,54.3,38.0,7200.0
2025-12-26,KPITTECH25DEC1180PE,0.55,1.1,100.0,94800.0
2025-12-26,KPITTECH25DEC1200CE,19.0,39.7,108.9,41200.0
2025-12-26,KPITTECH25DEC1200PE,1.55,8.05,419.4,234800.0
2025-12-26,KPITTECH25DEC1220CE,8.0,23.0,187.5,216800.0
2025-12-26,KPITTECH25DEC1220PE,5.25,12.4,136.2,303200.0
2025-12-26,KPITTECH25DEC1240CE,3.2,11.8,268.8,374400.0
2025-12-26,KPITTECH25DEC1240PE,14.0,25.25,80.4,14000.0
2025-12-26,KPITTECH25DEC1260CE,1.45,4.9,237.9,195600.0
2025-12-26,LAURUSLABS25DEC1060CE,22.5,31.6,40.4,197200.0
2025-12-26,LAURUSLABS25DEC1060PE,1.35,2.4,77.8,782000.0
2025-12-26,LAURUSLABS25DEC1070CE,14.7,23.15,57.5,355300.0
2025-12-26,LAURUSLABS25DEC1070PE,2.6,4.55,75.0,926500.0
2025-12-26,LAURUSLABS25DEC1080CE,8.2,15.0,82.9,578000.0
2025-12-26,LAURUSLABS25DEC1080PE,5.2,8.0,53.8,1084600.0
2025-12-26,LAURUSLABS25DEC1090CE,3.95,9.65,144.3,1665150.0
2025-12-26,LAURUSLABS25DEC1090PE,9.3,13.7,47.3,391850.0
2025-12-26,LAURUSLABS25DEC1100CE,1.65,5.5,233.3,1566550.0
2025-12-26,LAURUSLABS25DEC1100PE,15.15,21.25,40.3,366350.0
2025-12-26,LICHSGFIN25DEC530PE,0.45,0.75,66.7,157000.0
2025-12-26,LICHSGFIN25DEC535CE,5.0,7.15,43.0,59000.0
2025-12-26,LICHSGFIN25DEC535PE,1.0,2.05,105.0,287000.0
2025-12-26,LICHSGFIN25DEC540CE,2.1,3.85,83.3,749000.0
2025-12-26,LICHSGFIN25DEC540PE,2.55,4.1,60.8,366000.0
2025-12-26,LICHSGFIN25DEC545CE,1.05,1.95,85.7,596000.0
2025-12-26,LICHSGFIN25DEC550CE,0.6,0.95,58.3,580000.0
2025-12-26,LICI25DEC830PE,0.55,0.95,72.7,88200.0
2025-12-26,LICI25DEC840CE,9.6,13.2,37.5,11900.0
2025-12-26,LICI25DEC840PE,1.5,2.4,60.0,128800.0
2025-12-26,LICI25DEC850CE,3.95,6.3,59.5,277200.0
2025-12-26,LICI25DEC850PE,4.5,6.75,50.0,77000.0
2025-12-26,LICI25DEC860CE,1.2,2.4,100.0,382200.0
2025-12-26,LICI25DEC860PE,9.9,14.3,44.4,100800.0
2025-12-26,LICI25DEC870CE,0.4,1.3,225.0,233100.0
2025-12-26,LODHA25DEC1040PE,0.8,1.4,75.0,97650.0
2025-12-26,LODHA25DEC1060CE,19.5,25.9,32.8,25650.0
2025-12-26,LODHA25DEC1060PE,2.6,4.75,82.7,160650.0
2025-12-26,LODHA25DEC1080CE,7.95,12.8,61.0,116550.0
2025-12-26,LODHA25DEC1080PE,7.9,13.0,64.6,176850.0
2025-12-26,LODHA25DEC1100CE,3.15,5.35,69.8,477000.0
2025-12-26,LODHA25DEC1100PE,20.3,27.15,33.7,54000.0
2025-12-26,LODHA25DEC1120CE,0.75,1.9,153.3,436950.0
2025-12-26,LT25DEC4000CE,38.55,64.9,68.4,247800.0
2025-12-26,LT25DEC4000PE,5.25,8.7,65.7,480025.0
2025-12-26,LT25DEC4020CE,24.5,45.1,84.1,114625.0
2025-12-26,LT25DEC4020PE,9.5,15.0,57.9,256550.0
2025-12-26,LT25DEC4040CE,14.2,31.55,122.2,384125.0
2025-12-26,LT25DEC4040PE,16.0,24.6,53.8,315875.0
2025-12-26,LT25DEC4060CE,7.8,22.95,194.2,686875.0
2025-12-26,LT25DEC4060PE,25.4,38.0,49.6,187250.0
2025-12-26,LT25DEC4080CE,4.9,13.65,178.6,385175.0
2025-12-26,LT25DEC4080PE,38.4,54.65,42.3,117425.0
2025-12-26,LTF25DEC297.5PE,0.8,2.15,168.7,2248848.0
2025-12-26,LTF25DEC300CE,3.15,6.0,90.5,3538366.0
2025-12-26,LTF25DEC300PE,1.3,3.25,150.0,5327628.0
2025-12-26,LTF25DEC302.5CE,2.2,4.3,95.5,5037598.0
2025-12-26,LTF25DEC302.5PE,2.0,4.6,130.0,2257772.0
2025-12-26,LTF25DEC305CE,1.4,3.0,114.3,7696950.0
2025-12-26,LTF25DEC305PE,3.3,6.6,100.0,2293468.0
2025-12-26,LTF25DEC307.5CE,0.95,2.0,110.5,3966718.0
2025-12-26,LTF25DEC307.5PE,4.9,8.4,71.4,504206.0
2025-12-26,LTIM25DEC6000CE,103.2,150.0,45.3,5100.0
2025-12-26,LTIM25DEC6000PE,7.9,19.45,146.2,161550.0
2025-12-26,LTIM25DEC6050CE,67.7,121.05,78.8,8100.0
2025-12-26,LTIM25DEC6050PE,14.6,35.0,139.7,86700.0
2025-12-26,LTIM25DEC6100CE,38.35,94.65,146.8,80250.0
2025-12-26,LTIM25DEC6100PE,23.15,58.0,150.5,275700.0
2025-12-26,LTIM25DEC6150CE,22.3,63.8,186.1,62400.0
2025-12-26,LTIM25DEC6150PE,44.0,88.95,102.2,59850.0
2025-12-26,LTIM25DEC6200CE,11.5,40.9,255.7,209850.0
2025-12-26,LTIM25DEC6200PE,66.3,126.0,90.0,27450.0
2025-12-26,LUPIN25DEC2060CE,37.4,50.0,33.7,15725.0
2025-12-26,LUPIN25DEC2060PE,1.65,3.1,87.9,72675.0
2025-12-26,LUPIN25DEC2080CE,22.5,35.6,58.2,11050.0
2025-12-26,LUPIN25DEC2080PE,5.0,8.0,60.0,36125.0
2025-12-26,LUPIN25DEC2100CE,11.0,19.0,72.7,247775.0
2025-12-26,LUPIN25DEC2100PE,8.95,17.3,93.3,324700.0
2025-12-26,LUPIN25DEC2120CE,4.8,9.9,106.3,379525.0
2025-12-26,LUPIN25DEC2120PE,19.05,31.95,67.7,15725.0
2025-12-26,LUPIN25DEC2140CE,2.45,4.3,75.5,266900.0
2025-12-26,MANAPPURAM25DEC310CE,5.6,9.7,73.2,1452000.0
2025-12-26,MANAPPURAM25DEC310PE,1.35,2.4,77.8,4245000.0
2025-12-26,MANAPPURAM25DEC312.5CE,4.3,7.4,72.1,1044000.0
2025-12-26,MANAPPURAM25DEC312.5PE,2.1,3.4,61.9,1659000.0
2025-12-26,MANAPPURAM25DEC315CE,2.85,6.55,129.8,5655000.0
2025-12-26,MANAPPURAM25DEC315PE,3.2,4.75,48.4,2256000.0
2025-12-26,MANAPPURAM25DEC317.5CE,2.0,5.2,160.0,4140000.0
2025-12-26,MANAPPURAM25DEC320CE,1.3,4.4,238.5,14910000.0
2025-12-26,MANAPPURAM25DEC320PE,6.0,7.9,31.7,147000.0
2025-12-26,MANKIND25DEC2100PE,1.0,2.35,135.0,96075.0
2025-12-26,MANKIND25DEC2150CE,28.75,50.1,74.3,18000.0
2025-12-26,MANKIND25DEC2150PE,2.45,9.1,271.4,365175.0
2025-12-26,MANKIND25DEC2200CE,6.9,18.0,160.9,148275.0
2025-12-26,MANKIND25DEC2200PE,15.95,37.6,135.7,36000.0
2025-12-26,MANKIND25DEC2250CE,1.15,5.95,417.4,238500.0
2025-12-26,MANKIND25DEC2250PE,55.0,80.05,45.5,9675.0
2025-12-26,MANKIND25DEC2300CE,0.45,1.7,277.8,210150.0
2025-12-26,MARICO25DEC720PE,0.5,1.8,260.0,866400.0
2025-12-26,MARICO25DEC730CE,7.95,14.3,79.9,170400.0
2025-12-26,MARICO25DEC730PE,1.75,5.95,240.0,2448000.0
2025-12-26,MARICO25DEC740CE,2.5,7.5,200.0,1041600.0
2025-12-26,MARICO25DEC740PE,4.75,9.45,98.9,610800.0
2025-12-26,MARICO25DEC750CE,1.3,3.4,161.5,1297200.0
2025-12-26,MARICO25DEC750PE,10.65,15.0,40.8,31200.0
2025-12-26,MARICO25DEC760CE,0.4,1.2,200.0,351600.0
2025-12-26,MARUTI25DEC16500CE,89.0,206.0,131.5,254650.0
2025-12-26,MARUTI25DEC16500PE,25.25,56.0,121.8,699400.0
2025-12-26,MARUTI25DEC16600CE,48.8,135.2,177.0,402250.0
2025-12-26,MARUTI25DEC16600PE,55.7,110.65,98.7,497700.0
2025-12-26,MARUTI25DEC16700CE,27.5,85.75,211.8,484700.0
2025-12-26,MARUTI25DEC16700PE,105.0,189.55,80.5,130000.0
2025-12-26,MARUTI25DEC16800CE,17.0,54.55,220.9,392550.0
2025-12-26,MARUTI25DEC16800PE,175.55,277.45,58.0,26550.0
2025-12-26,MARUTI25DEC16400CE,161.2,281.95,74.9,42950.0
2025-12-26,MARUTI25DEC16400PE,10.75,25.05,133.0,296050.0
2025-12-26,MAXHEALTH25DEC1040PE,0.4,0.9,125.0,310275.0
2025-12-26,MAXHEALTH25DEC1060CE,14.4,23.0,59.7,46200.0
2025-12-26,MAXHEALTH25DEC1060PE,2.35,4.15,76.6,430500.0
2025-12-26,MAXHEALTH25DEC1080CE,4.45,9.1,104.5,410550.0
2025-12-26,MAXHEALTH25DEC1080PE,9.05,14.2,56.9,249375.0
2025-12-26,MAXHEALTH25DEC1100CE,1.35,3.7,174.1,693000.0
2025-12-26,MAXHEALTH25DEC1100PE,23.35,30.85,32.1,43575.0
2025-12-26,MAXHEALTH25DEC1120CE,0.45,1.05,133.3,147000.0
2025-12-26,MCX25DEC10700CE,182.95,413.3,125.9,138375.0
2025-12-26,MCX25DEC10700PE,12.65,60.05,374.7,702500.0
2025-12-26,MCX25DEC10800CE,114.75,315.45,174.9,378625.0
2025-12-26,MCX25DEC10800PE,20.25,104.95,418.3,1099500.0
2025-12-26,MCX25DEC10900CE,75.0,237.95,217.3,1316375.0
2025-12-26,MCX25DEC10900PE,35.0,160.15,357.6,998875.0
2025-12-26,MCX25DEC11000CE,45.65,163.0,257.1,4164375.0
2025-12-26,MCX25DEC11000PE,61.0,236.25,287.3,616375.0
2025-12-26,MCX25DEC11100CE,26.35,111.0,321.3,2181625.0
2025-12-26,MCX25DEC11100PE,109.0,259.9,138.4,109500.0
2025-12-26,MFSL25DEC1620PE,1.0,1.7,70.0,28800.0
2025-12-26,MFSL25DEC1640CE,28.9,40.0,38.4,16400.0
2025-12-26,MFSL25DEC1640PE,1.65,3.6,118.2,28800.0
2025-12-26,MFSL25DEC1660CE,13.45,23.15,72.1,17600.0
2025-12-26,MFSL25DEC1660PE,4.25,10.1,137.6,78000.0
2025-12-26,MFSL25DEC1680CE,6.25,11.7,87.2,108000.0
2025-12-26,MFSL25DEC1680PE,12.35,21.6,74.9,45600.0
2025-12-26,MFSL25DEC1700CE,2.7,5.8,114.8,163600.0
2025-12-26,MOTHERSON25DEC118CE,1.27,3.27,157.5,947100.0
2025-12-26,MOTHERSON25DEC118PE,0.27,0.98,263.0,4372650.0
2025-12-26,MOTHERSON25DEC119CE,0.81,2.39,195.1,3099600.0
2025-12-26,MOTHERSON25DEC119PE,0.46,1.5,226.1,4827750.0
2025-12-26,MOTHERSON25DEC120CE,0.5,1.77,254.0,16764900.0
2025-12-26,MOTHERSON25DEC120PE,0.77,2.2,185.7,6746550.0
2025-12-26,MOTHERSON25DEC121CE,0.32,1.26,293.7,16180650.0
2025-12-26,MOTHERSON25DEC121PE,1.26,3.0,138.1,4237350.0
2025-12-26,MOTHERSON25DEC122CE,0.2,0.86,330.0,11334450.0
2025-12-26,MOTHERSON25DEC122PE,1.88,3.66,94.7,897900.0
2025-12-26,MPHASIS25DEC2800PE,3.8,13.8,263.2,174900.0
2025-12-26,MPHASIS25DEC2850CE,34.15,65.0,90.3,40150.0
2025-12-26,MPHASIS25DEC2850PE,10.05,31.65,214.9,235675.0
2025-12-26,MPHASIS25DEC2900CE,14.7,34.0,131.3,315150.0
2025-12-26,MPHASIS25DEC2900PE,25.8,62.0,140.3,100375.0
2025-12-26,MPHASIS25DEC2950CE,5.55,14.1,154.1,187825.0
2025-12-26,MPHASIS25DEC2950PE,55.6,99.2,78.4,12375.0
2025-12-26,MUTHOOTFIN25DEC3700CE,100.1,142.8,42.7,50050.0
2025-12-26,MUTHOOTFIN25DEC3700PE,4.4,9.85,123.9,306900.0
2025-12-26,MUTHOOTFIN25DEC3750CE,59.7,98.4,64.8,91575.0
2025-12-26,MUTHOOTFIN25DEC3750PE,8.7,16.5,89.7,336050.0
2025-12-26,MUTHOOTFIN25DEC3800CE,28.55,61.65,115.9,477675.0
2025-12-26,MUTHOOTFIN25DEC3800PE,20.8,37.6,80.8,690800.0
2025-12-26,MUTHOOTFIN25DEC3850CE,13.9,33.85,143.5,1456400.0
2025-12-26,MUTHOOTFIN25DEC3850PE,42.6,70.5,65.5,172975.0
2025-12-26,MUTHOOTFIN25DEC3900CE,6.3,17.95,184.9,1330175.0
2025-12-26,MUTHOOTFIN25DEC3900PE,77.75,111.95,44.0,90475.0
2025-12-26,NATIONALUM25DEC297.5CE,3.55,12.55,253.5,2010000.0
2025-12-26,NATIONALUM25DEC300CE,2.6,10.75,313.5,16777500.0
2025-12-26,NATIONALUM25DEC300PE,1.5,5.9,293.3,14167500.0
2025-12-26,NATIONALUM25DEC302.5CE,1.7,8.75,414.7,10927500.0
2025-12-26,NATIONALUM25DEC302.5PE,2.05,4.85,136.6,2688750.0
2025-12-26,NATIONALUM25DEC305CE,1.15,7.05,513.0,23820000.0
2025-12-26,NATIONALUM25DEC305PE,2.75,9.2,234.5,3671250.0
2025-12-26,NATIONALUM25DEC307.5CE,0.85,5.6,558.8,19792500.0
2025-12-26,NATIONALUM25DEC307.5PE,3.75,10.85,189.3,3015000.0
2025-12-26,NAUKRI25DEC1320PE,1.0,1.75,75.0,35250.0
2025-12-26,NAUKRI25DEC1340CE,24.0,33.6,40.0,22125.0
2025-12-26,NAUKRI25DEC1340PE,2.15,5.35,148.8,129750.0
2025-12-26,NAUKRI25DEC1360CE,10.8,20.2,87.0,51750.0
2025-12-26,NAUKRI25DEC1360PE,5.9,11.65,97.5,94125.0
2025-12-26,NAUKRI25DEC1380CE,4.6,9.1,97.8,339000.0
2025-12-26,NAUKRI25DEC1380PE,17.4,23.5,35.1,31125.0
2025-12-26,NAUKRI25DEC1400CE,2.1,4.0,90.5,201750.0
2025-12-26,NBCC25DEC118CE,0.81,4.36,438.3,8554000.0
2025-12-26,NBCC25DEC118PE,0.36,2.01,458.3,5986500.0
2025-12-26,NBCC25DEC119CE,0.58,3.59,519.0,8476000.0
2025-12-26,NBCC25DEC119PE,0.63,2.09,231.7,4127500.0
2025-12-26,NBCC25DEC120CE,0.43,3.22,648.8,38441000.0
2025-12-26,NBCC25DEC120PE,0.98,3.7,277.6,9938500.0
2025-12-26,NBCC25DEC121CE,0.29,2.65,813.8,30465500.0
2025-12-26,NBCC25DEC121PE,1.38,3.83,177.5,1826500.0
2025-12-26,NBCC25DEC122CE,0.27,2.15,696.3,22360000.0
2025-12-26,NBCC25DEC122PE,1.9,4.0,110.5,325000.0
2025-12-26,NCC25DEC155PE,0.18,0.36,100.0,494100.0
2025-12-26,NCC25DEC157.5CE,3.07,5.38,75.2,54000.0
2025-12-26,NCC25DEC157.5PE,0.46,1.0,117.4,402300.0
2025-12-26,NCC25DEC160CE,1.65,3.4,106.1,486000.0
2025-12-26,NCC25DEC160PE,1.0,1.75,75.0,518400.0
2025-12-26,NCC25DEC162.5CE,0.78,1.94,148.7,764100.0
2025-12-26,NCC25DEC162.5PE,2.05,2.96,44.4,27000.0
2025-12-26,NCC25DEC165CE,0.36,0.96,166.7,1044900.0
2025-12-26,NESTLEIND25DEC1240CE,13.0,29.25,125.0,69000.0
2025-12-26,NESTLEIND25DEC1240PE,0.5,3.05,510.0,109500.0
2025-12-26,NESTLEIND25DEC1250CE,6.8,20.8,205.9,143000.0
2025-12-26,NESTLEIND25DEC1250PE,1.35,7.1,425.9,443500.0
2025-12-26,NESTLEIND25DEC1260CE,3.85,13.5,250.6,705500.0
2025-12-26,NESTLEIND25DEC1260PE,3.9,13.5,246.2,484000.0
2025-12-26,NESTLEIND25DEC1270CE,2.2,8.35,279.5,888000.0
2025-12-26,NESTLEIND25DEC1270PE,8.2,21.0,156.1,105000.0
2025-12-26,NESTLEIND25DEC1280CE,1.25,4.6,268.0,929500.0
2025-12-26,NESTLEIND25DEC1280PE,15.0,30.6,104.0,24500.0
2025-12-26,NHPC25DEC77CE,1.1,2.38,116.4,384000.0
2025-12-26,NHPC25DEC77PE,0.09,0.3,233.3,1126400.0
2025-12-26,NHPC25DEC78CE,0.46,1.52,230.4,2406400.0
2025-12-26,NHPC25DEC78PE,0.2,0.62,210.0,2144000.0
2025-12-26,NHPC25DEC79CE,0.25,0.85,240.0,8627200.0
2025-12-26,NHPC25DEC79PE,0.52,0.75,44.2,2803200.0
2025-12-26,NHPC25DEC80CE,0.11,0.42,281.8,10105600.0
2025-12-26,NHPC25DEC80PE,1.08,1.73,60.2,2368000.0
2025-12-26,NHPC25DEC81CE,0.06,0.19,216.7,1728000.0
2025-12-26,NMDC25DEC81CE,1.15,2.31,100.9,8349750.0
2025-12-26,NMDC25DEC81PE,0.11,0.56,409.1,9254250.0
2025-12-26,NMDC25DEC82CE,0.45,1.48,228.9,22936500.0
2025-12-26,NMDC25DEC82PE,0.29,1.11,282.8,15923250.0
2025-12-26,NMDC25DEC83CE,0.26,0.9,246.2,47533500.0
2025-12-26,NMDC25DEC83PE,0.69,1.54,123.2,6385500.0
2025-12-26,NMDC25DEC84CE,0.15,0.47,213.3,34668000.0
2025-12-26,NMDC25DEC84PE,1.27,2.13,67.7,1080000.0
2025-12-26,NMDC25DEC85CE,0.08,0.25,212.5,21957750.0
2025-12-26,NMDC25DEC85PE,2.07,3.17,53.1,2288250.0
2025-12-26,NTPC25DEC320CE,3.1,5.7,83.9,1615500.0
2025-12-26,NTPC25DEC320PE,0.25,0.6,140.0,2151000.0
2025-12-26,NTPC25DEC322.5CE,1.6,3.55,121.9,3085500.0
2025-12-26,NTPC25DEC322.5PE,0.6,1.35,125.0,2557500.0
2025-12-26,NTPC25DEC325CE,0.65,1.9,192.3,9766500.0
2025-12-26,NTPC25DEC325PE,1.35,2.95,118.5,2331000.0
2025-12-26,NTPC25DEC327.5CE,0.3,0.95,216.7,3232500.0
2025-12-26,NTPC25DEC327.5PE,3.0,5.0,66.7,430500.0
2025-12-26,NTPC25DEC330CE,0.2,0.6,200.0,4210500.0
2025-12-26,NTPC25DEC330PE,5.05,7.55,49.5,237000.0
2025-12-26,NUVAMA25DEC1460CE,35.45,72.2,103.7,30000.0
2025-12-26,NUVAMA25DEC1460PE,3.25,26.35,710.8,395250.0
2025-12-26,NUVAMA25DEC1480CE,21.0,67.2,220.0,67875.0
2025-12-26,NUVAMA25DEC1480PE,5.05,29.0,474.3,759750.0
2025-12-26,NUVAMA25DEC1500CE,11.1,39.6,256.8,958875.0
2025-12-26,NUVAMA25DEC1500PE,8.0,33.6,320.0,909000.0
2025-12-26,NUVAMA25DEC1520CE,5.45,26.45,385.3,1113750.0
2025-12-26,NUVAMA25DEC1520PE,14.5,41.4,185.5,375000.0
2025-12-26,NUVAMA25DEC1540CE,3.2,16.65,420.3,1054875.0
2025-12-26,NUVAMA25DEC1540PE,25.85,58.35,125.7,79500.0
2025-12-26,NYKAA25DEC255CE,4.05,6.95,71.6,606250.0
2025-12-26,NYKAA25DEC255PE,0.2,0.95,375.0,1721875.0
2025-12-26,NYKAA25DEC257.5CE,1.9,4.7,147.4,756250.0
2025-12-26,NYKAA25DEC257.5PE,0.6,1.65,175.0,1050000.0
2025-12-26,NYKAA25DEC260CE,1.55,3.2,106.5,4934375.0
2025-12-26,NYKAA25DEC260PE,1.35,2.6,92.6,2412500.0
2025-12-26,NYKAA25DEC262.5CE,0.95,2.05,115.8,3631250.0
2025-12-26,NYKAA25DEC262.5PE,2.75,4.3,56.4,353125.0
2025-12-26,NYKAA25DEC265CE,0.25,1.2,380.0,4040625.0
2025-12-26,OBEROIRLTY25DEC1640CE,43.85,57.65,31.5,5600.0
2025-12-26,OBEROIRLTY25DEC1640PE,2.0,6.0,200.0,35350.0
2025-12-26,OBEROIRLTY25DEC1660CE,24.75,39.05,57.8,29750.0
2025-12-26,OBEROIRLTY25DEC1660PE,4.0,9.05,126.3,91350.0
2025-12-26,OBEROIRLTY25DEC1680CE,8.8,25.2,186.4,214200.0
2025-12-26,OBEROIRLTY25DEC1680PE,8.65,17.5,102.3,103600.0
2025-12-26,OBEROIRLTY25DEC1700CE,3.25,14.0,330.8,618800.0
2025-12-26,OBEROIRLTY25DEC1700PE,18.0,31.0,72.2,28700.0
2025-12-26,OBEROIRLTY25DEC1720CE,2.0,6.8,240.0,219800.0
2025-12-26,OFSS25DEC7600PE,7.8,21.0,169.2,24225.0
2025-12-26,OFSS25DEC7700CE,81.1,125.0,54.1,25500.0
2025-12-26,OFSS25DEC7700PE,26.0,50.6,94.6,47325.0
2025-12-26,OFSS25DEC7800CE,34.25,63.1,84.2,60300.0
2025-12-26,OFSS25DEC7800PE,60.0,105.4,75.7,22500.0
2025-12-26,OFSS25DEC7900CE,18.5,33.2,79.5,43725.0
2025-12-26,OFSS25DEC8000CE,9.6,18.0,87.5,93450.0
2025-12-26,OIL25DEC395PE,0.2,0.9,350.0,210000.0
2025-12-26,OIL25DEC400CE,4.65,11.0,136.6,85400.0
2025-12-26,OIL25DEC400PE,0.4,2.25,462.5,841400.0
2025-12-26,OIL25DEC405CE,2.2,3.65,65.9,217000.0
2025-12-26,OIL25DEC405PE,0.9,4.6,411.1,431200.0
2025-12-26,OIL25DEC410CE,0.95,3.7,289.5,620200.0
2025-12-26,OIL25DEC410PE,1.85,8.35,351.4,225400.0
2025-12-26,OIL25DEC415CE,0.4,1.8,350.0,898800.0
2025-12-26,OIL25DEC415PE,6.0,11.7,95.0,26600.0
2025-12-26,ONGC25DEC231.5PE,0.26,0.88,238.5,657000.0
2025-12-26,ONGC25DEC232.5CE,1.68,3.16,88.1,299250.0
2025-12-26,ONGC25DEC232.5PE,0.39,1.07,174.4,958500.0
2025-12-26,ONGC25DEC234CE,1.0,2.1,110.0,1647000.0
2025-12-26,ONGC25DEC234PE,0.8,1.86,132.5,1044000.0
2025-12-26,ONGC25DEC235CE,0.55,1.65,200.0,7132500.0
2025-12-26,ONGC25DEC235PE,1.17,2.99,155.6,1332000.0
2025-12-26,ONGC25DEC236.5PE,2.04,3.56,74.5,328500.0
2025-12-26,ONGC25DEC237.5CE,0.27,0.61,125.9,2301750.0
2025-12-26,PAGEIND25DEC35500PE,27.75,70.5,154.1,8325.0
2025-12-26,PAGEIND25DEC36000PE,75.05,169.95,126.4,20445.0
2025-12-26,PAGEIND25DEC36500CE,203.1,442.75,118.0,7725.0
2025-12-26,PAGEIND25DEC36500PE,220.7,405.0,83.5,5355.0
2025-12-26,PAGEIND25DEC37000CE,87.25,188.0,115.5,17370.0
2025-12-26,PATANJALI25DEC540CE,7.0,10.6,51.4,246600.0
2025-12-26,PATANJALI25DEC540PE,0.7,1.7,142.9,146700.0
2025-12-26,PATANJALI25DEC545CE,3.85,6.65,72.7,81000.0
2025-12-26,PATANJALI25DEC545PE,1.6,3.75,134.4,208800.0
2025-12-26,PATANJALI25DEC550CE,2.5,4.2,68.0,411300.0
2025-12-26,PATANJALI25DEC550PE,3.75,7.15,90.7,36000.0
2025-12-26,PATANJALI25DEC555CE,1.3,2.55,96.2,134100.0
2025-12-26,PATANJALI25DEC555PE,7.3,10.85,48.6,5400.0
2025-12-26,PATANJALI25DEC560CE,0.8,1.75,118.7,130500.0
2025-12-26,PERSISTENT25DEC6100PE,4.75,10.05,111.6,112000.0
2025-12-26,PERSISTENT25DEC6200CE,126.1,207.0,64.2,8700.0
2025-12-26,PERSISTENT25DEC6200PE,8.0,16.85,110.6,168000.0
2025-12-26,PERSISTENT25DEC6300CE,60.1,127.0,111.3,89700.0
2025-12-26,PERSISTENT25DEC6300PE,24.0,50.0,108.3,257300.0
2025-12-26,PERSISTENT25DEC6400CE,27.4,64.4,135.0,302400.0
2025-12-26,PERSISTENT25DEC6400PE,60.55,117.0,93.2,98100.0
2025-12-26,PERSISTENT25DEC6500CE,12.05,27.45,127.8,252300.0
2025-12-26,PERSISTENT25DEC6500PE,123.0,202.5,64.6,35700.0
2025-12-26,PETRONET25DEC278CE,3.05,5.35,75.4,37800.0
2025-12-26,PETRONET25DEC280CE,1.5,3.8,153.3,666000.0
2025-12-26,PETRONET25DEC280PE,0.65,1.75,169.2,700200.0
2025-12-26,PETRONET25DEC282.5CE,0.8,2.1,162.5,1040400.0
2025-12-26,PETRONET25DEC282.5PE,1.45,3.15,117.2,378000.0
2025-12-26,PETRONET25DEC283CE,0.7,1.9,171.4,257400.0
2025-12-26,PETRONET25DEC283PE,1.7,3.4,100.0,129600.0
2025-12-26,PETRONET25DEC285.5CE,0.35,0.9,157.1,99000.0
2025-12-26,PETRONET25DEC285CE,0.4,1.0,150.0,1593000.0
2025-12-26,PETRONET25DEC285PE,2.9,4.55,56.9,86400.0
2025-12-26,PFC25DEC345CE,5.8,12.6,117.2,2827500.0
2025-12-26,PFC25DEC345PE,0.15,0.55,266.7,1560000.0
2025-12-26,PFC25DEC350CE,2.5,7.75,210.0,4641000.0
2025-12-26,PFC25DEC350PE,0.45,2.2,388.9,4867200.0
2025-12-26,PFC25DEC355CE,1.05,3.75,257.1,8595600.0
2025-12-26,PFC25DEC355PE,1.2,6.0,400.0,4690400.0
2025-12-26,PFC25DEC360CE,0.55,2.0,263.6,15418000.0
2025-12-26,PFC25DEC360PE,4.25,9.55,124.7,1651000.0
2025-12-26,PFC25DEC365CE,0.3,0.95,216.7,4793100.0
2025-12-26,PFC25DEC365PE,8.55,12.25,43.3,156000.0
2025-12-26,PGEL25DEC570CE,13.7,23.8,73.7,135100.0
2025-12-26,PGEL25DEC570PE,0.65,2.85,338.5,440300.0
2025-12-26,PGEL25DEC580CE,5.0,15.1,202.0,813400.0
2025-12-26,PGEL25DEC580PE,1.9,5.2,173.7,611100.0
2025-12-26,PGEL25DEC590CE,2.9,9.35,222.4,1828400.0
2025-12-26,PGEL25DEC590PE,5.75,10.0,73.9,329000.0
2025-12-26,PGEL25DEC600CE,1.75,5.55,217.1,2516500.0
2025-12-26,PGEL25DEC600PE,11.7,16.25,38.9,119000.0
2025-12-26,PGEL25DEC610CE,1.25,3.0,140.0,1232000.0
2025-12-26,PHOENIXLTD25DEC1820CE,29.1,48.0,64.9,5600.0
2025-12-26,PHOENIXLTD25DEC1820PE,1.2,4.0,233.3,40950.0
2025-12-26,PHOENIXLTD25DEC1840CE,11.25,31.15,176.9,19950.0
2025-12-26,PHOENIXLTD25DEC1840PE,2.85,10.45,266.7,39550.0
2025-12-26,PHOENIXLTD25DEC1860CE,3.9,17.1,338.5,179200.0
2025-12-26,PHOENIXLTD25DEC1860PE,8.15,24.2,196.9,52850.0
2025-12-26,PHOENIXLTD25DEC1880CE,1.6,9.35,484.4,190750.0
2025-12-26,PHOENIXLTD25DEC1900CE,0.6,4.05,575.0,94150.0
2025-12-26,PIDILITIND25DEC1440CE,14.5,24.5,69.0,18500.0
2025-12-26,PIDILITIND25DEC1440PE,1.55,4.05,161.3,58000.0
2025-12-26,PIDILITIND25DEC1460CE,4.3,11.0,155.8,166500.0
2025-12-26,PIDILITIND25DEC1460PE,6.4,12.6,96.9,85500.0
2025-12-26,PIDILITIND25DEC1480CE,1.2,3.55,195.8,318500.0
2025-12-26,PIDILITIND25DEC1480PE,19.55,26.9,37.6,6000.0
2025-12-26,PIDILITIND25DEC1500CE,0.6,1.25,108.3,121500.0
2025-12-26,PIIND25DEC3150PE,1.85,7.5,305.4,123550.0
2025-12-26,PIIND25DEC3200CE,34.4,68.15,98.1,11025.0
2025-12-26,PIIND25DEC3200PE,8.05,21.7,169.6,75775.0
2025-12-26,PIIND25DEC3250CE,12.8,37.85,195.7,116725.0
2025-12-26,PIIND25DEC3250PE,22.7,50.0,120.3,55650.0
2025-12-26,PIIND25DEC3300CE,4.75,20.4,329.5,256025.0
2025-12-26,PIIND25DEC3300PE,55.0,90.6,64.7,14350.0
2025-12-26,PIIND25DEC3350CE,2.8,9.75,248.2,167825.0
2025-12-26,PIIND25DEC3350PE,96.95,132.0,36.2,7875.0
2025-12-26,PNB25DEC118CE,1.91,3.12,63.4,1024000.0
2025-12-26,PNB25DEC118PE,0.15,0.34,126.7,4552000.0
2025-12-26,PNB25DEC119CE,1.15,2.27,97.4,4960000.0
2025-12-26,PNB25DEC119PE,0.29,0.58,100.0,6224000.0
2025-12-26,PNB25DEC120CE,0.63,1.51,139.7,9848000.0
2025-12-26,PNB25DEC120PE,0.5,1.04,108.0,10816000.0
2025-12-26,PNB25DEC121CE,0.36,1.05,191.7,16280000.0
2025-12-26,PNB25DEC121PE,0.9,1.78,97.8,5552000.0
2025-12-26,PNB25DEC122CE,0.22,0.63,186.4,9560000.0
2025-12-26,PNB25DEC122PE,1.55,2.63,69.7,3304000.0
2025-12-26,PNBHOUSING25DEC930PE,0.5,2.25,350.0,564850.0
2025-12-26,PNBHOUSING25DEC940CE,11.3,28.65,153.5,115700.0
2025-12-26,PNBHOUSING25DEC940PE,1.05,5.0,376.2,1558050.0
2025-12-26,PNBHOUSING25DEC950CE,6.3,20.25,221.4,491400.0
2025-12-26,PNBHOUSING25DEC950PE,2.25,10.05,346.7,889200.0
2025-12-26,PNBHOUSING25DEC960CE,3.5,13.9,297.1,1457950.0
2025-12-26,PNBHOUSING25DEC960PE,5.45,16.8,208.3,544700.0
2025-12-26,PNBHOUSING25DEC970CE,1.9,8.8,363.2,3059550.0
2025-12-26,PNBHOUSING25DEC970PE,10.55,25.35,140.3,220350.0
2025-12-26,POLICYBZR25DEC1880CE,37.0,51.5,39.2,5950.0
2025-12-26,POLICYBZR25DEC1880PE,1.6,3.85,140.6,131950.0
2025-12-26,POLICYBZR25DEC1900CE,16.35,39.5,141.6,76650.0
2025-12-26,POLICYBZR25DEC1900PE,4.05,10.1,149.4,330400.0
2025-12-26,POLICYBZR25DEC1920CE,7.75,25.0,222.6,365050.0
2025-12-26,POLICYBZR25DEC1920PE,10.0,21.0,110.0,399700.0
2025-12-26,POLICYBZR25DEC1940CE,3.4,13.95,310.3,306600.0
2025-12-26,POLICYBZR25DEC1940PE,20.5,34.0,65.9,16450.0
2025-12-26,POLICYBZR25DEC1960CE,1.5,6.3,320.0,356650.0
2025-12-26,POLICYBZR25DEC1960PE,31.75,47.45,49.4,5950.0
2025-12-26,POLYCAB25DEC7400CE,172.0,278.0,61.6,22125.0
2025-12-26,POLYCAB25DEC7400PE,7.1,19.6,176.1,167875.0
2025-12-26,POLYCAB25DEC7500CE,90.0,180.0,100.0,18750.0
2025-12-26,POLYCAB25DEC7500PE,15.4,39.1,153.9,366250.0
2025-12-26,POLYCAB25DEC7600CE,32.0,110.0,243.8,169500.0
2025-12-26,POLYCAB25DEC7700CE,12.65,55.0,334.8,355625.0
2025-12-26,POLYCAB25DEC7700PE,80.0,159.6,99.5,34625.0
2025-12-26,POLYCAB25DEC7800CE,5.2,24.25,366.3,277375.0
2025-12-26,POWERGRID25DEC262.5CE,5.25,6.9,31.4,49400.0
2025-12-26,POWERGRID25DEC262.5PE,0.2,0.35,75.0,106400.0
2025-12-26,POWERGRID25DEC265CE,3.3,4.7,42.4,224200.0
2025-12-26,POWERGRID25DEC265PE,0.4,0.85,112.5,1081100.0
2025-12-26,POWERGRID25DEC267.5CE,1.6,2.75,71.9,811300.0
2025-12-26,POWERGRID25DEC267.5PE,0.95,1.8,89.5,623200.0
2025-12-26,POWERGRID25DEC270CE,0.7,1.45,107.1,2804400.0
2025-12-26,POWERGRID25DEC270PE,2.0,3.25,62.5,304000.0
2025-12-26,POWERGRID25DEC272.5CE,0.3,0.65,116.7,457900.0
2025-12-26,POWERGRID25DEC272.5PE,3.9,5.35,37.2,36100.0
2025-12-26,POWERINDIA25DEC18000PE,40.95,104.25,154.6,58350.0
2025-12-26,POWERINDIA25DEC18250PE,85.75,196.15,128.7,16000.0
2025-12-26,POWERINDIA25DEC18500CE,126.7,288.9,128.0,61250.0
2025-12-26,POWERINDIA25DEC18500PE,176.95,330.0,86.5,20300.0
2025-12-26,POWERINDIA25DEC18750CE,79.1,168.35,112.8,28700.0
2025-12-26,POWERINDIA25DEC19000CE,45.4,96.75,113.1,59100.0
2025-12-26,PPLPHARMA25DEC170CE,4.48,6.79,51.6,150000.0
2025-12-26,PPLPHARMA25DEC170PE,0.12,0.33,175.0,1647500.0
2025-12-26,PPLPHARMA25DEC172.5CE,2.39,4.4,84.1,107500.0
2025-12-26,PPLPHARMA25DEC172.5PE,0.1,0.69,590.0,2535000.0
2025-12-26,PPLPHARMA25DEC175CE,1.04,2.79,168.3,847500.0
2025-12-26,PPLPHARMA25DEC175PE,0.56,1.85,230.4,1747500.0
2025-12-26,PPLPHARMA25DEC177.5CE,0.38,1.47,286.8,1875000.0
2025-12-26,PPLPHARMA25DEC177.5PE,1.7,3.54,108.2,500000.0
2025-12-26,PPLPHARMA25DEC180CE,0.14,0.84,500.0,4097500.0
2025-12-26,PPLPHARMA25DEC180PE,3.49,5.74,64.5,247500.0
2025-12-26,PRESTIGE25DEC1600CE,17.4,54.5,213.2,1219500.0
2025-12-26,PRESTIGE25DEC1600PE,4.35,19.35,344.8,1409850.0
2025-12-26,PRESTIGE25DEC1620CE,10.0,39.25,292.5,1672650.0
2025-12-26,PRESTIGE25DEC1620PE,9.05,31.65,249.7,1217700.0
2025-12-26,PRESTIGE25DEC1640CE,4.15,27.25,556.6,2546100.0
2025-12-26,PRESTIGE25DEC1640PE,16.5,44.1,167.3,1255950.0
2025-12-26,PRESTIGE25DEC1660CE,2.4,17.85,643.8,1765800.0
2025-12-26,PRESTIGE25DEC1660PE,27.4,64.5,135.4,515700.0
2025-12-26,PRESTIGE25DEC1680CE,2.05,11.15,443.9,1034550.0
2025-12-26,PRESTIGE25DEC1680PE,40.5,77.2,90.6,54000.0
2025-12-26,RBLBANK25DEC295PE,0.35,0.75,114.3,266700.0
2025-12-26,RBLBANK25DEC300CE,3.05,6.55,114.8,631825.0
2025-12-26,RBLBANK25DEC300PE,0.8,2.55,218.7,1924050.0
2025-12-26,RBLBANK25DEC305CE,1.65,3.5,112.1,2832100.0
2025-12-26,RBLBANK25DEC305PE,2.3,5.75,150.0,990600.0
2025-12-26,RBLBANK25DEC310CE,0.5,1.85,270.0,3013075.0
2025-12-26,RBLBANK25DEC310PE,5.85,8.45,44.4,133350.0
2025-12-26,RBLBANK25DEC315CE,0.35,0.9,157.1,971550.0
2025-12-26,RECLTD25DEC350CE,4.4,10.5,138.6,1737825.0
2025-12-26,RECLTD25DEC350PE,0.4,1.3,225.0,5958075.0
2025-12-26,RECLTD25DEC355CE,1.8,6.5,261.1,5184150.0
2025-12-26,RECLTD25DEC355PE,1.05,3.3,214.3,5129325.0
2025-12-26,RECLTD25DEC360CE,0.8,3.7,362.5,19415700.0
2025-12-26,RECLTD25DEC360PE,3.4,7.55,122.1,4039200.0
2025-12-26,RECLTD25DEC365CE,0.3,2.0,566.7,9256500.0
2025-12-26,RECLTD25DEC365PE,7.0,12.05,72.1,754800.0
2025-12-26,RECLTD25DEC370CE,0.25,1.2,380.0,9060150.0
2025-12-26,RECLTD25DEC370PE,11.25,15.1,34.2,1294125.0
2025-12-26,RELIANCE25DEC1540CE,17.25,23.1,33.9,903000.0
2025-12-26,RELIANCE25DEC1550CE,9.4,14.35,52.7,2912500.0
2025-12-26,RELIANCE25DEC1550PE,2.85,5.1,78.9,6139000.0
2025-12-26,RELIANCE25DEC1560CE,3.55,7.45,109.9,8818500.0
2025-12-26,RELIANCE25DEC1560PE,5.9,10.0,69.5,3511500.0
2025-12-26,RELIANCE25DEC1570CE,2.05,3.75,82.9,5694500.0
2025-12-26,RELIANCE25DEC1570PE,11.65,17.5,50.2,1494000.0
2025-12-26,RELIANCE25DEC1540PE,1.45,2.4,65.5,3580500.0
2025-12-26,RELIANCE25DEC1580CE,1.0,1.8,80.0,5021500.0
2025-12-26,RELIANCE25DEC1580PE,19.95,26.9,34.8,509500.0
2025-12-26,RVNL25DEC375CE,0.4,20.25,4962.5,14418250.0
2025-12-26,RVNL25DEC375PE,2.7,13.5,400.0,10480250.0
2025-12-26,RVNL25DEC380CE,0.2,16.35,8075.0,43979375.0
2025-12-26,RVNL25DEC380PE,3.6,14.4,300.0,15001250.0
2025-12-26,RVNL25DEC385CE,0.3,12.7,4133.3,18357625.0
2025-12-26,RVNL25DEC385PE,5.0,16.9,238.0,11295625.0
2025-12-26,RVNL25DEC390CE,0.5,9.5,1800.0,35444750.0
2025-12-26,RVNL25DEC390PE,6.85,20.15,194.2,5786000.0
2025-12-26,RVNL25DEC395CE,0.85,7.1,735.3,16786000.0
2025-12-26,RVNL25DEC395PE,9.55,35.45,271.2,306625.0
2025-12-26,SAIL25DEC130CE,1.67,3.2,91.6,789600.0
2025-12-26,SAIL25DEC130PE,0.38,1.09,186.8,1790700.0
2025-12-26,SAIL25DEC131CE,1.17,2.3,96.6,658000.0
2025-12-26,SAIL25DEC131PE,0.6,1.5,150.0,1964600.0
2025-12-26,SAIL25DEC132CE,0.8,1.95,143.7,3294700.0
2025-12-26,SAIL25DEC132PE,0.93,1.97,111.8,1504000.0
2025-12-26,SAIL25DEC133CE,0.5,1.44,188.0,5997200.0
2025-12-26,SAIL25DEC133PE,1.45,2.75,89.7,761400.0
2025-12-26,SAIL25DEC134CE,0.4,1.05,162.5,2185500.0
2025-12-26,SAIL25DEC134PE,2.08,3.32,59.6,98700.0
2025-12-26,SAMMAANCAP25DEC135PE,0.02,0.7,3400.0,38700.0
2025-12-26,SAMMAANCAP25DEC137.5PE,0.1,0.13,30.0,8600.0
2025-12-26,SAMMAANCAP25DEC140CE,1.13,2.49,120.4,111800.0
2025-12-26,SAMMAANCAP25DEC140PE,0.55,1.39,152.7,387000.0
2025-12-26,SAMMAANCAP25DEC142.5CE,0.35,1.48,322.9,68800.0
2025-12-26,SAMMAANCAP25DEC142.5PE,1.23,2.85,131.7,103200.0
2025-12-26,SAMMAANCAP25DEC145CE,0.16,0.6,275.0,765400.0
2025-12-26,SAMMAANCAP25DEC145PE,2.57,5.0,94.6,279500.0
2025-12-26,SBICARD25DEC850CE,19.5,27.0,38.5,37600.0
2025-12-26,SBICARD25DEC850PE,0.75,1.8,140.0,196000.0
2025-12-26,SBICARD25DEC860CE,11.9,18.5,55.5,124000.0
2025-12-26,SBICARD25DEC860PE,1.65,4.9,197.0,284000.0
2025-12-26,SBICARD25DEC870CE,6.15,11.55,87.8,973600.0
2025-12-26,SBICARD25DEC870PE,3.75,8.7,132.0,583200.0
2025-12-26,SBICARD25DEC880CE,2.95,6.2,110.2,1316000.0
2025-12-26,SBICARD25DEC880PE,8.3,14.65,76.5,217600.0
2025-12-26,SBICARD25DEC890CE,1.35,2.85,111.1,484800.0
2025-12-26,SBICARD25DEC890PE,16.0,22.85,42.8,58400.0
2025-12-26,SBILIFE25DEC1980CE,30.0,39.85,32.8,6750.0
2025-12-26,SBILIFE25DEC1980PE,0.9,2.95,227.8,91500.0
2025-12-26,SBILIFE25DEC2000CE,11.15,23.8,113.5,66750.0
2025-12-26,SBILIFE25DEC2000PE,2.0,8.0,300.0,382500.0
2025-12-26,SBILIFE25DEC2020CE,2.1,11.2,433.3,610500.0
2025-12-26,SBILIFE25DEC2020PE,6.2,20.4,229.0,517500.0
2025-12-26,SBILIFE25DEC2040CE,0.8,3.6,350.0,821250.0
2025-12-26,SBILIFE25DEC2040PE,19.65,35.05,78.4,99000.0
2025-12-26,SBILIFE25DEC2060CE,0.25,1.45,480.0,594750.0
2025-12-26,SBIN25DEC955CE,10.6,16.65,57.1,226500.0
2025-12-26,SBIN25DEC955PE,0.8,1.35,68.8,1670250.0
2025-12-26,SBIN25DEC960CE,6.55,12.45,90.1,3471750.0
2025-12-26,SBIN25DEC960PE,1.4,2.25,60.7,4503000.0
2025-12-26,SBIN25DEC965CE,3.6,8.45,134.7,2641500.0
2025-12-26,SBIN25DEC965PE,2.5,4.1,64.0,4781250.0
2025-12-26,SBIN25DEC970CE,2.1,5.5,161.9,10773750.0
2025-12-26,SBIN25DEC970PE,4.5,7.4,64.4,3106500.0
2025-12-26,SBIN25DEC975CE,0.9,3.45,283.3,7156500.0
2025-12-26,SBIN25DEC975PE,7.45,11.6,55.7,708750.0
2025-12-26,SHREECEM25DEC26000PE,68.25,160.85,135.7,17975.0
2025-12-26,SHREECEM25DEC26250CE,140.0,320.0,128.6,30550.0
2025-12-26,SHREECEM25DEC26500CE,57.0,200.75,252.2,52150.0
2025-12-26,SHREECEM25DEC26500PE,280.0,484.0,72.9,12175.0
2025-12-26,SHREECEM25DEC26750CE,34.55,111.8,223.6,12350.0
2025-12-26,SHRIRAMFIN25DEC940CE,20.3,35.95,77.1,905850.0
2025-12-26,SHRIRAMFIN25DEC940PE,1.7,3.0,76.5,3884925.0
2025-12-26,SHRIRAMFIN25DEC950CE,13.2,27.95,111.7,1493250.0
2025-12-26,SHRIRAMFIN25DEC950PE,3.05,6.05,98.4,6795525.0
2025-12-26,SHRIRAMFIN25DEC960CE,8.0,19.65,145.6,4684350.0
2025-12-26,SHRIRAMFIN25DEC960PE,5.15,10.8,109.7,9288675.0
2025-12-26,SHRIRAMFIN25DEC970CE,4.7,13.45,186.2,7373850.0
2025-12-26,SHRIRAMFIN25DEC970PE,8.2,17.5,113.4,2985675.0
2025-12-26,SHRIRAMFIN25DEC980CE,2.75,9.35,240.0,7707975.0
2025-12-26,SHRIRAMFIN25DEC980PE,14.1,25.85,83.3,1070850.0
2025-12-26,SIEMENS25DEC3000PE,1.5,3.65,143.3,103250.0
2025-12-26,SIEMENS25DEC3050PE,3.75,9.95,165.3,193750.0
2025-12-26,SIEMENS25DEC3100CE,20.0,37.0,85.0,232000.0
2025-12-26,SIEMENS25DEC3100PE,13.55,29.1,114.8,254125.0
2025-12-26,SIEMENS25DEC3150CE,5.25,14.05,167.6,507875.0
2025-12-26,SIEMENS25DEC3150PE,41.0,58.4,42.4,105750.0
2025-12-26,SIEMENS25DEC3200CE,2.1,5.15,145.2,332875.0
2025-12-26,SOLARINDS25DEC12000CE,536.1,736.0,37.3,7425.0
2025-12-26,SOLARINDS25DEC12000PE,8.2,21.0,156.1,95025.0
2025-12-26,SOLARINDS25DEC12250PE,23.45,65.7,180.2,195225.0
2025-12-26,SOLARINDS25DEC12500CE,123.0,299.95,143.9,101775.0
2025-12-26,SOLARINDS25DEC12500PE,68.0,159.2,134.1,267525.0
2025-12-26,SOLARINDS25DEC12750CE,59.3,155.0,161.4,706800.0
2025-12-26,SOLARINDS25DEC12750PE,171.0,310.65,81.7,45450.0
2025-12-26,SOLARINDS25DEC13000CE,25.5,72.9,185.9,1062900.0
2025-12-26,SOLARINDS25DEC13000PE,341.9,505.95,48.0,11775.0
2025-12-26,SONACOMS25DEC475PE,1.15,2.4,108.7,68250.0
2025-12-26,SONACOMS25DEC480CE,5.15,9.35,81.6,42000.0
2025-12-26,SONACOMS25DEC480PE,2.1,3.8,81.0,248850.0
2025-12-26,SONACOMS25DEC485CE,3.0,6.25,108.3,352800.0
2025-12-26,SONACOMS25DEC485PE,3.8,6.3,65.8,114450.0
2025-12-26,SONACOMS25DEC490CE,1.75,4.1,134.3,427350.0
2025-12-26,SONACOMS25DEC490PE,6.3,9.7,54.0,25200.0
2025-12-26,SONACOMS25DEC495CE,1.15,2.6,126.1,180600.0
2025-12-26,SRF25DEC3050PE,3.8,10.1,165.8,172800.0
2025-12-26,SRF25DEC3100CE,26.4,50.85,92.6,669200.0
2025-12-26,SRF25DEC3100PE,10.0,22.65,126.5,373800.0
2025-12-26,SRF25DEC3150CE,6.05,21.55,256.2,1173000.0
2025-12-26,SRF25DEC3150PE,29.55,45.2,53.0,95400.0
2025-12-26,SRF25DEC3200CE,1.0,5.75,475.0,832800.0
2025-12-26,SRF25DEC3250CE,0.85,1.85,117.6,311000.0
2025-12-26,SUNPHARMA25DEC1680CE,33.75,55.7,65.0,44450.0
2025-12-26,SUNPHARMA25DEC1680PE,1.3,3.85,196.2,1338400.0
2025-12-26,SUNPHARMA25DEC1700CE,18.4,33.7,83.2,192150.0
2025-12-26,SUNPHARMA25DEC1700PE,2.3,8.4,265.2,3737300.0
2025-12-26,SUNPHARMA25DEC1720CE,8.15,18.7,129.4,1531250.0
2025-12-26,SUNPHARMA25DEC1720PE,6.0,17.75,195.8,1583750.0
2025-12-26,SUNPHARMA25DEC1740CE,2.55,15.0,488.2,2482200.0
2025-12-26,SUNPHARMA25DEC1740PE,16.0,32.4,102.5,458150.0
2025-12-26,SUNPHARMA25DEC1760CE,0.4,3.95,887.5,1165850.0
2025-12-26,SUNPHARMA25DEC1760PE,32.55,50.85,56.2,153300.0
2025-12-26,SUPREMEIND25DEC3200PE,1.75,3.6,105.7,44975.0
2025-12-26,SUPREMEIND25DEC3250PE,5.0,9.2,84.0,9275.0
2025-12-26,SUPREMEIND25DEC3300CE,29.9,56.15,87.8,18025.0
2025-12-26,SUPREMEIND25DEC3300PE,14.0,26.5,89.3,46900.0
2025-12-26,SUPREMEIND25DEC3350CE,10.85,27.2,150.7,69125.0
2025-12-26,SUPREMEIND25DEC3350PE,39.9,61.25,53.5,13125.0
2025-12-26,SUPREMEIND25DEC3400CE,5.75,18.85,227.8,104825.0
2025-12-26,SUPREMEIND25DEC3400PE,73.25,105.25,43.7,16100.0
2025-12-26,SUZLON25DEC52CE,1.45,2.25,55.2,1304000.0
2025-12-26,SUZLON25DEC52PE,0.03,0.08,166.7,5456000.0
2025-12-26,SUZLON25DEC53CE,0.85,1.4,64.7,6608000.0
2025-12-26,SUZLON25DEC53PE,0.14,0.35,150.0,20888000.0
2025-12-26,SUZLON25DEC54CE,0.35,0.73,108.6,23936000.0
2025-12-26,SUZLON25DEC54PE,0.48,0.82,70.8,8672000.0
2025-12-26,SUZLON25DEC55CE,0.16,0.38,137.5,31560000.0
2025-12-26,SUZLON25DEC55PE,1.1,1.61,46.4,2824000.0
2025-12-26,SUZLON25DEC56CE,0.09,0.21,133.3,11160000.0
2025-12-26,SUZLON25DEC56PE,1.95,2.73,40.0,1376000.0
2025-12-26,SYNGENE25DEC630PE,0.3,0.5,66.7,42000.0
2025-12-26,SYNGENE25DEC640PE,0.65,1.5,130.8,63000.0
2025-12-26,SYNGENE25DEC650CE,5.15,8.2,59.2,85000.0
2025-12-26,SYNGENE25DEC650PE,2.7,4.35,61.1,166000.0
2025-12-26,SYNGENE25DEC660CE,1.7,3.65,114.7,426000.0
2025-12-26,SYNGENE25DEC670CE,0.5,1.2,140.0,52000.0
2025-12-26,TATACONSUM25DEC1160PE,2.35,4.05,72.3,116600.0
2025-12-26,TATACONSUM25DEC1170CE,9.95,14.7,47.7,34650.0
2025-12-26,TATACONSUM25DEC1170PE,5.0,7.75,55.0,56100.0
2025-12-26,TATACONSUM25DEC1180CE,5.5,9.0,63.6,385550.0
2025-12-26,TATACONSUM25DEC1180PE,9.45,14.95,58.2,74250.0
2025-12-26,TATACONSUM25DEC1190CE,3.1,5.05,62.9,171600.0
2025-12-26,TATACONSUM25DEC1200CE,2.0,3.1,55.0,407550.0
2025-12-26,TATAELXSI25DEC5200CE,169.0,230.35,36.3,12800.0
2025-12-26,TATAELXSI25DEC5200PE,3.5,8.0,128.6,295900.0
2025-12-26,TATAELXSI25DEC5300CE,78.2,140.3,79.4,73900.0
2025-12-26,TATAELXSI25DEC5300PE,10.6,24.0,126.4,342800.0
2025-12-26,TATAELXSI25DEC5400CE,25.65,66.8,160.4,268500.0
2025-12-26,TATAELXSI25DEC5400PE,33.7,72.65,115.6,103700.0
2025-12-26,TATAELXSI25DEC5500CE,9.05,28.6,216.0,585600.0
2025-12-26,TATAELXSI25DEC5500PE,96.9,155.15,60.1,22100.0
2025-12-26,TATAELXSI25DEC5600CE,4.05,12.8,216.0,382000.0
2025-12-26,TATAPOWER25DEC370PE,0.2,0.35,75.0,303050.0
2025-12-26,TATAPOWER25DEC375PE,0.45,0.95,111.1,733700.0
2025-12-26,TATAPOWER25DEC380CE,2.1,3.85,83.3,2143100.0
2025-12-26,TATAPOWER25DEC380PE,1.3,2.3,76.9,2971050.0
2025-12-26,TATAPOWER25DEC385CE,0.7,1.9,171.4,4067250.0
2025-12-26,TATAPOWER25DEC385PE,4.2,5.55,32.1,765600.0
2025-12-26,TATAPOWER25DEC390CE,0.4,0.8,100.0,3085600.0
2025-12-26,TATASTEEL25DEC162.5CE,5.53,7.23,30.7,214500.0
2025-12-26,TATASTEEL25DEC162.5PE,0.07,0.11,57.1,2519000.0
2025-12-26,TATASTEEL25DEC165CE,3.2,4.88,52.5,2018500.0
2025-12-26,TATASTEEL25DEC165PE,0.12,0.25,108.3,9944000.0
2025-12-26,TATASTEEL25DEC167.5CE,1.4,2.7,92.9,6457000.0
2025-12-26,TATASTEEL25DEC167.5PE,0.47,1.01,114.9,23292500.0
2025-12-26,TATASTEEL25DEC170CE,0.65,1.4,115.4,42570000.0
2025-12-26,TATASTEEL25DEC170PE,1.1,2.7,145.5,13046000.0
2025-12-26,TATASTEEL25DEC172.5CE,0.2,0.57,185.0,20960500.0
2025-12-26,TATATECH25DEC640PE,0.6,0.95,58.3,89600.0
2025-12-26,TATATECH25DEC650PE,1.35,2.4,77.8,161600.0
2025-12-26,TATATECH25DEC660CE,3.9,6.45,65.4,275200.0
2025-12-26,TATATECH25DEC660PE,3.75,5.75,53.3,97600.0
2025-12-26,TATATECH25DEC670CE,1.7,2.75,61.8,355200.0
2025-12-26,TATATECH25DEC670PE,10.0,13.85,38.5,40000.0
2025-12-26,TATATECH25DEC680CE,0.6,1.2,100.0,258400.0
2025-12-26,TCS25DEC3260CE,26.7,63.35,137.3,355425.0
2025-12-26,TCS25DEC3260PE,2.35,8.65,268.1,995225.0
2025-12-26,TCS25DEC3280CE,15.0,46.95,213.0,809025.0
2025-12-26,TCS25DEC3280PE,4.25,17.0,300.0,1537025.0
2025-12-26,TCS25DEC3300CE,7.85,31.0,294.9,2939825.0
2025-12-26,TCS25DEC3300PE,7.95,29.9,276.1,1596875.0
2025-12-26,TCS25DEC3320CE,4.05,20.0,393.8,2322250.0
2025-12-26,TCS25DEC3320PE,15.2,46.3,204.6,460425.0
2025-12-26,TCS25DEC3340CE,2.4,11.55,381.3,1257200.0
2025-12-26,TCS25DEC3340PE,27.45,63.8,132.4,216300.0
2025-12-26,TECHM25DEC1580CE,33.5,54.0,61.2,108600.0
2025-12-26,TECHM25DEC1580PE,0.65,1.4,115.4,350400.0
2025-12-26,TECHM25DEC1600CE,14.0,33.85,141.8,699600.0
2025-12-26,TECHM25DEC1600PE,0.95,3.95,315.8,1396200.0
2025-12-26,TECHM25DEC1620CE,4.6,17.3,276.1,885600.0
2025-12-26,TECHM25DEC1620PE,4.4,13.3,202.3,656400.0
2025-12-26,TECHM25DEC1640CE,1.05,7.15,581.0,1387200.0
2025-12-26,TECHM25DEC1640PE,13.8,29.7,115.2,228600.0
2025-12-26,TECHM25DEC1660CE,0.5,2.65,430.0,529800.0
2025-12-26,TECHM25DEC1660PE,30.75,46.65,51.7,14400.0
2025-12-26,TIINDIA25DEC2500PE,0.9,1.55,72.2,75800.0
2025-12-26,TIINDIA25DEC2550PE,3.3,9.1,175.8,74600.0
2025-12-26,TIINDIA25DEC2600CE,18.45,43.4,135.2,149000.0
2025-12-26,TIINDIA25DEC2600PE,12.0,21.9,82.5,89400.0
2025-12-26,TIINDIA25DEC2650CE,7.4,19.0,156.8,460800.0
2025-12-26,TIINDIA25DEC2650PE,37.2,49.95,34.3,33800.0
2025-12-26,TIINDIA25DEC2700CE,3.25,6.6,103.1,166000.0
2025-12-26,TITAGARH25DEC860CE,9.6,50.45,425.5,1761750.0
2025-12-26,TITAGARH25DEC860PE,2.75,16.85,512.7,4269525.0
2025-12-26,TITAGARH25DEC880CE,2.45,34.9,1324.5,5934850.0
2025-12-26,TITAGARH25DEC880PE,5.7,23.3,308.8,3374150.0
2025-12-26,TITAGARH25DEC900CE,1.6,22.6,1312.5,18473725.0
2025-12-26,TITAGARH25DEC900PE,13.4,39.0,191.0,1707375.0
2025-12-26,TITAGARH25DEC920CE,0.6,14.35,2291.7,13849675.0
2025-12-26,TITAGARH25DEC920PE,25.3,37.5,48.2,79025.0
2025-12-26,TITAGARH25DEC940CE,0.8,8.5,962.5,12276425.0
2025-12-26,TITAGARH25DEC940PE,41.35,66.0,59.6,31175.0
2025-12-26,TITAN25DEC3920CE,13.55,86.05,535.1,1082025.0
2025-12-26,TITAN25DEC3920PE,4.3,28.75,568.6,966000.0
2025-12-26,TITAN25DEC3940CE,9.05,68.9,661.3,1941975.0
2025-12-26,TITAN25DEC3940PE,7.25,39.9,450.3,1037750.0
2025-12-26,TITAN25DEC3960CE,5.15,55.0,968.0,3020325.0
2025-12-26,TITAN25DEC3960PE,12.4,48.4,290.3,1471925.0
2025-12-26,TITAN25DEC3980CE,4.35,44.1,913.8,4410525.0
2025-12-26,TITAN25DEC3980PE,20.85,59.3,184.4,889875.0
2025-12-26,TITAN25DEC4000CE,3.55,35.0,885.9,9059750.0
2025-12-26,TITAN25DEC4000PE,32.0,85.0,165.6,443625.0
2025-12-26,TMPV25DEC340CE,14.85,19.8,33.3,385600.0
2025-12-26,TMPV25DEC340PE,0.1,0.2,100.0,1343200.0
2025-12-26,TMPV25DEC350CE,5.3,10.25,93.4,2748800.0
2025-12-26,TMPV25DEC350PE,0.35,0.75,114.3,19359200.0
2025-12-26,TMPV25DEC360CE,0.95,2.6,173.7,20192000.0
2025-12-26,TMPV25DEC360PE,2.55,6.25,145.1,4088800.0
2025-12-26,TMPV25DEC370CE,0.3,1.0,233.3,22864800.0
2025-12-26,TMPV25DEC370PE,10.8,15.75,45.8,1334400.0
2025-12-26,TMPV25DEC380CE,0.1,0.3,200.0,7749600.0
2025-12-26,TORNTPHARM25DEC3700PE,1.6,3.5,118.7,37000.0
2025-12-26,TORNTPHARM25DEC3750PE,3.0,9.05,201.7,119750.0
2025-12-26,TORNTPHARM25DEC3800CE,23.2,47.8,106.0,63250.0
2025-12-26,TORNTPHARM25DEC3800PE,9.0,24.85,176.1,56250.0
2025-12-26,TORNTPHARM25DEC3850CE,7.1,18.05,154.2,250000.0
2025-12-26,TORNTPHARM25DEC3850PE,30.75,59.6,93.8,10750.0
2025-12-26,TORNTPHARM25DEC3900CE,2.45,6.25,155.1,104750.0
2025-12-26,TORNTPOWER25DEC1260PE,0.7,2.35,235.7,64875.0
2025-12-26,TORNTPOWER25DEC1280CE,12.55,27.15,116.3,48000.0
2025-12-26,TORNTPOWER25DEC1280PE,1.85,9.0,386.5,129750.0
2025-12-26,TORNTPOWER25DEC1300CE,2.9,13.1,351.7,362625.0
2025-12-26,TORNTPOWER25DEC1300PE,6.95,19.95,187.1,69000.0
2025-12-26,TORNTPOWER25DEC1320CE,0.65,5.2,700.0,310125.0
2025-12-26,TORNTPOWER25DEC1340CE,0.35,1.75,400.0,177750.0
2025-12-26,TORNTPOWER25DEC1340PE,36.85,51.5,39.8,10500.0
2025-12-26,TRENT25DEC4100PE,2.0,6.0,200.0,1358900.0
2025-12-26,TRENT25DEC4200CE,88.3,137.45,55.7,464700.0
2025-12-26,TRENT25DEC4200PE,6.95,16.7,140.3,2602100.0
2025-12-26,TRENT25DEC4300CE,29.85,61.1,104.7,2878000.0
2025-12-26,TRENT25DEC4300PE,29.65,56.0,88.9,1088500.0
2025-12-26,TRENT25DEC4400CE,9.95,24.65,147.7,5136100.0
2025-12-26,TRENT25DEC4400PE,93.5,133.0,42.2,137400.0
2025-12-26,TRENT25DEC4500CE,3.6,10.85,201.4,2677800.0
2025-12-26,TVSMOTOR25DEC3550CE,92.35,121.25,31.3,15225.0
2025-12-26,TVSMOTOR25DEC3550PE,2.6,5.05,94.2,249025.0
2025-12-26,TVSMOTOR25DEC3600CE,50.45,83.25,65.0,69125.0
2025-12-26,TVSMOTOR25DEC3600PE,6.45,13.95,116.3,234325.0
2025-12-26,TVSMOTOR25DEC3650CE,22.25,44.0,97.8,140525.0
2025-12-26,TVSMOTOR25DEC3650PE,16.5,36.0,118.2,154700.0
2025-12-26,TVSMOTOR25DEC3700CE,9.3,19.65,111.3,296625.0
2025-12-26,TVSMOTOR25DEC3700PE,43.3,72.75,68.0,42875.0
2025-12-26,TVSMOTOR25DEC3750CE,3.3,7.8,136.4,243075.0
2025-12-26,TVSMOTOR25DEC3750PE,79.95,116.5,45.7,18025.0
2025-12-26,ULTRACEMCO25DEC11600CE,177.95,258.5,45.3,19700.0
2025-12-26,ULTRACEMCO25DEC11600PE,11.85,26.2,121.1,107200.0
2025-12-26,ULTRACEMCO25DEC11700CE,101.0,175.0,73.3,114000.0
2025-12-26,ULTRACEMCO25DEC11700PE,25.3,54.25,114.4,203100.0
2025-12-26,ULTRACEMCO25DEC11800CE,52.05,103.0,97.9,441100.0
2025-12-26,ULTRACEMCO25DEC11800PE,52.55,105.85,101.4,150750.0
2025-12-26,ULTRACEMCO25DEC11900CE,26.05,58.15,123.2,356300.0
2025-12-26,ULTRACEMCO25DEC11900PE,110.2,174.15,58.0,22950.0
2025-12-26,ULTRACEMCO25DEC12000CE,13.6,32.0,135.3,364300.0
2025-12-26,ULTRACEMCO25DEC12000PE,181.65,260.0,43.1,19050.0
2025-12-26,UNIONBANK25DEC145PE,0.08,0.14,75.0,615075.0
2025-12-26,UNIONBANK25DEC147.5CE,2.89,3.87,33.9,79650.0
2025-12-26,UNIONBANK25DEC147.5PE,0.29,0.46,58.6,269925.0
2025-12-26,UNIONBANK25DEC150CE,1.27,2.25,77.2,885000.0
2025-12-26,UNIONBANK25DEC150PE,0.71,1.44,102.8,1770000.0
2025-12-26,UNIONBANK25DEC152.5CE,0.54,1.0,85.2,2889525.0
2025-12-26,UNIONBANK25DEC152.5PE,1.94,3.19,64.4,747825.0
2025-12-26,UNIONBANK25DEC155CE,0.27,0.48,77.8,4124100.0
2025-12-26,UNIONBANK25DEC155PE,3.91,5.35,36.8,721275.0
2025-12-26,UNITDSPR25DEC1410PE,3.0,9.15,205.0,95600.0
2025-12-26,UNITDSPR25DEC1420CE,11.0,18.8,70.9,90800.0
2025-12-26,UNITDSPR25DEC1420PE,5.85,12.1,106.8,182800.0
2025-12-26,UNITDSPR25DEC1430CE,7.0,13.4,91.4,411200.0
2025-12-26,UNITDSPR25DEC1430PE,10.45,18.2,74.2,136400.0
2025-12-26,UNITDSPR25DEC1440CE,3.6,9.8,172.2,311600.0
2025-12-26,UNITDSPR25DEC1440PE,17.0,25.3,48.8,44800.0
2025-12-26,UNITDSPR25DEC1450CE,3.1,7.0,125.8,401600.0
2025-12-26,UNITDSPR25DEC1450PE,24.55,34.8,41.8,30000.0
2025-12-26,UNOMINDA25DEC1240PE,0.65,2.65,307.7,386650.0
2025-12-26,UNOMINDA25DEC1260CE,10.4,24.0,130.8,63800.0
2025-12-26,UNOMINDA25DEC1260PE,2.15,9.3,332.6,976800.0
2025-12-26,UNOMINDA25DEC1280CE,3.6,14.4,300.0,376200.0
2025-12-26,UNOMINDA25DEC1280PE,4.55,21.15,364.8,292050.0
2025-12-26,UNOMINDA25DEC1300CE,1.85,7.05,281.1,734800.0
2025-12-26,UNOMINDA25DEC1300PE,22.6,39.65,75.4,41250.0
2025-12-26,UNOMINDA25DEC1320CE,1.1,3.95,259.1,605000.0
2025-12-26,UNOMINDA25DEC1320PE,44.0,58.0,31.8,15950.0
2025-12-26,UPL25DEC760CE,15.0,20.85,39.0,112465.0
2025-12-26,UPL25DEC760PE,0.85,1.65,94.1,287260.0
2025-12-26,UPL25DEC770CE,7.2,12.7,76.4,753380.0
2025-12-26,UPL25DEC770PE,2.35,4.55,93.6,1535215.0
2025-12-26,UPL25DEC780CE,2.7,6.5,140.7,2089410.0
2025-12-26,UPL25DEC780PE,5.7,9.75,71.1,768285.0
2025-12-26,UPL25DEC790CE,1.1,2.95,168.2,1098905.0
2025-12-26,UPL25DEC800CE,0.45,1.2,166.7,780480.0
2025-12-26,VBL25DEC470CE,7.4,14.05,89.9,668300.0
2025-12-26,VBL25DEC470PE,0.55,1.75,218.2,2603500.0
2025-12-26,VBL25DEC475CE,4.2,10.05,139.3,1422700.0
2025-12-26,VBL25DEC475PE,1.35,4.0,196.3,2183250.0
2025-12-26,VBL25DEC480CE,2.45,6.95,183.7,6170500.0
2025-12-26,VBL25DEC480PE,2.95,7.1,140.7,1906500.0
2025-12-26,VBL25DEC485CE,1.55,4.4,183.9,6652250.0
2025-12-26,VBL25DEC485PE,5.65,10.75,90.3,645750.0
2025-12-26,VBL25DEC490CE,1.05,2.75,161.9,5839425.0
2025-12-26,VBL25DEC490PE,9.2,15.4,67.4,507375.0
2025-12-26,VEDL25DEC590CE,9.2,17.45,89.7,1927400.0
2025-12-26,VEDL25DEC590PE,1.15,2.7,134.8,6824100.0
2025-12-26,VEDL25DEC595CE,6.25,13.35,113.6,2280450.0
2025-12-26,VEDL25DEC595PE,2.1,4.4,109.5,5613150.0
2025-12-26,VEDL25DEC600CE,4.2,10.25,144.0,12791450.0
2025-12-26,VEDL25DEC600PE,3.7,7.2,94.6,9515100.0
2025-12-26,VEDL25DEC605CE,2.85,7.65,168.4,14456650.0
2025-12-26,VEDL25DEC605PE,6.05,10.75,77.7,1741100.0
2025-12-26,VEDL25DEC610CE,1.75,5.8,231.4,16597950.0
2025-12-26,VEDL25DEC610PE,9.2,14.65,59.2,1745700.0
2025-12-26,VOLTAS25DEC1360CE,33.2,52.0,56.6,13875.0
2025-12-26,VOLTAS25DEC1360PE,1.3,3.65,180.8,136500.0
2025-12-26,VOLTAS25DEC1380CE,18.3,35.5,94.0,78375.0
2025-12-26,VOLTAS25DEC1380PE,3.05,8.8,188.5,213750.0
2025-12-26,VOLTAS25DEC1400CE,7.25,20.4,181.4,769500.0
2025-12-26,VOLTAS25DEC1400PE,8.05,19.5,142.2,342000.0
2025-12-26,VOLTAS25DEC1420CE,3.25,10.35,218.5,771375.0
2025-12-26,VOLTAS25DEC1420PE,18.1,34.05,88.1,68625.0
2025-12-26,VOLTAS25DEC1440CE,1.3,4.45,242.3,330375.0
2025-12-26,WIPRO25DEC267.5CE,1.2,2.44,103.3,2541000.0
2025-12-26,WIPRO25DEC267.5PE,1.01,1.9,88.1,3324000.0
2025-12-26,WIPRO25DEC262.5CE,4.47,6.37,42.5,432000.0
2025-12-26,WIPRO25DEC262.5PE,0.11,0.33,200.0,2625000.0
2025-12-26,WIPRO25DEC265CE,2.55,4.34,70.2,2727000.0
2025-12-26,WIPRO25DEC265PE,0.39,0.84,115.4,7218000.0
2025-12-26,WIPRO25DEC270CE,0.5,1.53,206.0,9753000.0
2025-12-26,WIPRO25DEC270PE,2.27,3.72,63.9,2487000.0
2025-12-26,WIPRO25DEC272.5CE,0.26,0.61,134.6,3807000.0
2025-12-26,WIPRO25DEC272.5PE,4.12,5.98,45.1,594000.0
2025-12-26,YESBANK25DEC21PE,0.02,0.03,50.0,10325200.0
2025-12-26,YESBANK25DEC22CE,0.05,0.08,60.0,42233800.0
2025-12-26,YESBANK25DEC22PE,0.35,0.5,42.9,9516600.0
2025-12-26,YESBANK25DEC23CE,0.01,0.02,100.0,16389700.0
2025-12-26,YESBANK25DEC24CE,0.01,0.02,100.0,12999800.0
2025-12-26,ZYDUSLIFE25DEC890PE,0.9,1.25,38.9,18900.0
2025-12-26,ZYDUSLIFE25DEC900CE,13.35,19.5,46.1,20700.0
2025-12-26,ZYDUSLIFE25DEC900PE,0.95,2.95,210.5,446400.0
2025-12-26,ZYDUSLIFE25DEC910CE,6.6,11.9,80.3,102600.0
2025-12-26,ZYDUSLIFE25DEC910PE,2.5,6.6,164.0,275400.0
2025-12-26,ZYDUSLIFE25DEC920CE,2.95,6.25,111.9,621900.0
2025-12-26,ZYDUSLIFE25DEC920PE,6.5,12.75,96.2,185400.0
2025-12-26,ZYDUSLIFE25DEC930CE,1.35,3.05,125.9,448200.0
2025-12-26,ZYDUSLIFE25DEC930PE,13.2,20.9,58.3,198000.0
